Date,Laps,Time,Condition_Category,Cumulative_Time,Avg_Pace_min_km,Avg_HR_bpm,Max_HR_bpm,Total_Ascent_m,Total_Descent_m,Avg_Run_Cadence_spm,Avg_Stride_Length_m,Calories_C,Best_Pace_min_km,Max_Run_Cadence_spm,Moving_Time,Avg_Moving_Pace_min_km,Time_lag1,Time_lag2,Time_lag3,Cumulative_Time_lag1,Cumulative_Time_lag2,Cumulative_Time_lag3,Avg_Pace_min_km_lag1,Avg_Pace_min_km_lag2,Avg_Pace_min_km_lag3,Avg_HR_bpm_lag1,Avg_HR_bpm_lag2,Avg_HR_bpm_lag3,Max_HR_bpm_lag1,Max_HR_bpm_lag2,Max_HR_bpm_lag3,Total_Ascent_m_lag1,Total_Ascent_m_lag2,Total_Ascent_m_lag3,Total_Descent_m_lag1,Total_Descent_m_lag2,Total_Descent_m_lag3,Avg_Run_Cadence_spm_lag1,Avg_Run_Cadence_spm_lag2,Avg_Run_Cadence_spm_lag3,Avg_Stride_Length_m_lag1,Avg_Stride_Length_m_lag2,Avg_Stride_Length_m_lag3,Calories_C_lag1,Calories_C_lag2,Calories_C_lag3,Best_Pace_min_km_lag1,Best_Pace_min_km_lag2,Best_Pace_min_km_lag3,Max_Run_Cadence_spm_lag1,Max_Run_Cadence_spm_lag2,Max_Run_Cadence_spm_lag3,Moving_Time_lag1,Moving_Time_lag2,Moving_Time_lag3,Avg_Moving_Pace_min_km_lag1,Avg_Moving_Pace_min_km_lag2,Avg_Moving_Pace_min_km_lag3,month,day,Time_lagDate1,Time_lagDate2,Condition_Category_lagDate1,Condition_Category_lagDate2,Cumulative_Time_lagDate1,Cumulative_Time_lagDate2,Avg_Pace_min_km_lagDate1,Avg_Pace_min_km_lagDate2,Avg_HR_bpm_lagDate1,Avg_HR_bpm_lagDate2,Max_HR_bpm_lagDate1,Max_HR_bpm_lagDate2,Total_Ascent_m_lagDate1,Total_Ascent_m_lagDate2,Total_Descent_m_lagDate1,Total_Descent_m_lagDate2,Avg_Run_Cadence_spm_lagDate1,Avg_Run_Cadence_spm_lagDate2,Avg_Stride_Length_m_lagDate1,Avg_Stride_Length_m_lagDate2,Calories_C_lagDate1,Calories_C_lagDate2,Best_Pace_min_km_lagDate1,Best_Pace_min_km_lagDate2,Max_Run_Cadence_spm_lagDate1,Max_Run_Cadence_spm_lagDate2,Moving_Time_lagDate1,Moving_Time_lagDate2,Avg_Moving_Pace_min_km_lagDate1,Avg_Moving_Pace_min_km_lagDate2
739736,1.0,720,0,720,719,105.0,144.0,56.0,63.0,104.0,0.8,64.0,454,164.0,683,683,0.0,0.0,0.0,0.0,0.0,0.0,0.0,0.0,0.0,0.0,0.0,0.0,0.0,0.0,0.0,0.0,0.0,0.0,0.0,0.0,0.0,0.0,0.0,0.0,0.0,0.0,0.0,0.0,0.0,0.0,0.0,0.0,0.0,0.0,0.0,0.0,0.0,0.0,0.0,0.0,0.0,0.0,4,30,0.0,0.0,0,0,0.0,0.0,0.0,0.0,0.0,0.0,0.0,0.0,0.0,0.0,0.0,0.0,0.0,0.0,0.0,0.0,0.0,0.0,0.0,0.0,0.0,0.0,0.0,0.0,0.0,0.0
739739,1.0,559,0,559,559,117.0,146.0,48.0,53.0,127.0,0.84,66.0,403,169.0,532,532,0.0,0.0,0.0,0.0,0.0,0.0,0.0,0.0,0.0,0.0,0.0,0.0,0.0,0.0,0.0,0.0,0.0,0.0,0.0,0.0,0.0,0.0,0.0,0.0,0.0,0.0,0.0,0.0,0.0,0.0,0.0,0.0,0.0,0.0,0.0,0.0,0.0,0.0,0.0,0.0,0.0,0.0,5,3,720.0,0.0,0,0,720.0,0.0,719.0,0.0,105.0,0.0,144.0,0.0,56.0,0.0,63.0,0.0,104.0,0.0,0.8,0.0,64.0,0.0,454.0,0.0,164.0,0.0,683.0,0.0,683.0,0.0
739746,1.0,458,1,458,459,144.0,176.0,1.0,0.0,168.0,0.78,78.0,305,192.0,374,374,0.0,0.0,0.0,0.0,0.0,0.0,0.0,0.0,0.0,0.0,0.0,0.0,0.0,0.0,0.0,0.0,0.0,0.0,0.0,0.0,0.0,0.0,0.0,0.0,0.0,0.0,0.0,0.0,0.0,0.0,0.0,0.0,0.0,0.0,0.0,0.0,0.0,0.0,0.0,0.0,0.0,0.0,5,10,559.0,720.0,0,0,559.0,720.0,559.0,719.0,117.0,105.0,146.0,144.0,48.0,56.0,53.0,63.0,127.0,104.0,0.84,0.8,66.0,64.0,403.0,454.0,169.0,164.0,532.0,683.0,532.0,683.0
739753,1.0,490,0,490,490,128.0,149.0,0.0,0.0,148.0,0.83,67.0,393,171.0,490,491,0.0,0.0,0.0,0.0,0.0,0.0,0.0,0.0,0.0,0.0,0.0,0.0,0.0,0.0,0.0,0.0,0.0,0.0,0.0,0.0,0.0,0.0,0.0,0.0,0.0,0.0,0.0,0.0,0.0,0.0,0.0,0.0,0.0,0.0,0.0,0.0,0.0,0.0,0.0,0.0,0.0,0.0,5,17,458.0,559.0,1,0,458.0,559.0,459.0,559.0,144.0,117.0,176.0,146.0,1.0,48.0,0.0,53.0,168.0,127.0,0.78,0.84,78.0,66.0,305.0,403.0,192.0,169.0,374.0,532.0,374.0,532.0
739760,1.0,478,0,478,479,128.0,147.0,30.0,39.0,148.0,0.84,68.0,387,173.0,461,461,0.0,0.0,0.0,0.0,0.0,0.0,0.0,0.0,0.0,0.0,0.0,0.0,0.0,0.0,0.0,0.0,0.0,0.0,0.0,0.0,0.0,0.0,0.0,0.0,0.0,0.0,0.0,0.0,0.0,0.0,0.0,0.0,0.0,0.0,0.0,0.0,0.0,0.0,0.0,0.0,0.0,0.0,5,24,490.0,458.0,0,1,490.0,458.0,490.0,459.0,128.0,144.0,149.0,176.0,0.0,1.0,0.0,0.0,148.0,168.0,0.83,0.78,67.0,78.0,393.0,305.0,171.0,192.0,490.0,374.0,491.0,374.0
739774,1.0,397,0,397,397,141.0,163.0,36.0,22.0,166.0,0.91,68.0,328,175.0,397,397,0.0,0.0,0.0,0.0,0.0,0.0,0.0,0.0,0.0,0.0,0.0,0.0,0.0,0.0,0.0,0.0,0.0,0.0,0.0,0.0,0.0,0.0,0.0,0.0,0.0,0.0,0.0,0.0,0.0,0.0,0.0,0.0,0.0,0.0,0.0,0.0,0.0,0.0,0.0,0.0,0.0,0.0,6,7,478.0,490.0,0,0,478.0,490.0,479.0,490.0,128.0,128.0,147.0,149.0,30.0,0.0,39.0,0.0,148.0,148.0,0.84,0.83,68.0,67.0,387.0,393.0,173.0,171.0,461.0,490.0,461.0,491.0
739777,1.0,627,0,627,627,105.0,150.0,29.0,24.0,107.0,0.89,69.0,356,175.0,485,485,0.0,0.0,0.0,0.0,0.0,0.0,0.0,0.0,0.0,0.0,0.0,0.0,0.0,0.0,0.0,0.0,0.0,0.0,0.0,0.0,0.0,0.0,0.0,0.0,0.0,0.0,0.0,0.0,0.0,0.0,0.0,0.0,0.0,0.0,0.0,0.0,0.0,0.0,0.0,0.0,0.0,0.0,6,10,397.0,478.0,0,0,397.0,478.0,397.0,479.0,141.0,128.0,163.0,147.0,36.0,30.0,22.0,39.0,166.0,148.0,0.91,0.84,68.0,68.0,328.0,387.0,175.0,173.0,397.0,461.0,397.0,461.0
739779,1.0,473,0,473,473,123.0,147.0,5.0,17.0,153.0,0.83,67.0,354,174.0,473,473,0.0,0.0,0.0,0.0,0.0,0.0,0.0,0.0,0.0,0.0,0.0,0.0,0.0,0.0,0.0,0.0,0.0,0.0,0.0,0.0,0.0,0.0,0.0,0.0,0.0,0.0,0.0,0.0,0.0,0.0,0.0,0.0,0.0,0.0,0.0,0.0,0.0,0.0,0.0,0.0,0.0,0.0,6,12,627.0,397.0,0,0,627.0,397.0,627.0,397.0,105.0,141.0,150.0,163.0,29.0,36.0,24.0,22.0,107.0,166.0,0.89,0.91,69.0,68.0,356.0,328.0,175.0,175.0,485.0,397.0,485.0,397.0
739781,1.0,455,0,455,455,135.0,154.0,28.0,19.0,148.0,0.89,74.0,289,182.0,455,455,0.0,0.0,0.0,0.0,0.0,0.0,0.0,0.0,0.0,0.0,0.0,0.0,0.0,0.0,0.0,0.0,0.0,0.0,0.0,0.0,0.0,0.0,0.0,0.0,0.0,0.0,0.0,0.0,0.0,0.0,0.0,0.0,0.0,0.0,0.0,0.0,0.0,0.0,0.0,0.0,0.0,0.0,6,14,473.0,627.0,0,0,473.0,627.0,473.0,627.0,123.0,105.0,147.0,150.0,5.0,29.0,17.0,24.0,153.0,107.0,0.83,0.89,67.0,69.0,354.0,356.0,174.0,175.0,473.0,485.0,473.0,485.0
739783,1.0,886,0,886,887,92.0,142.0,2.0,6.0,79.0,0.86,70.0,311,174.0,675,675,0.0,0.0,0.0,0.0,0.0,0.0,0.0,0.0,0.0,0.0,0.0,0.0,0.0,0.0,0.0,0.0,0.0,0.0,0.0,0.0,0.0,0.0,0.0,0.0,0.0,0.0,0.0,0.0,0.0,0.0,0.0,0.0,0.0,0.0,0.0,0.0,0.0,0.0,0.0,0.0,0.0,0.0,6,16,455.0,473.0,0,0,455.0,473.0,455.0,473.0,135.0,123.0,154.0,147.0,28.0,5.0,19.0,17.0,148.0,153.0,0.89,0.83,74.0,67.0,289.0,354.0,182.0,174.0,455.0,473.0,455.0,473.0
739785,1.0,787,0,787,787,100.0,140.0,31.0,37.0,91.0,0.84,74.0,305,178.0,455,455,0.0,0.0,0.0,0.0,0.0,0.0,0.0,0.0,0.0,0.0,0.0,0.0,0.0,0.0,0.0,0.0,0.0,0.0,0.0,0.0,0.0,0.0,0.0,0.0,0.0,0.0,0.0,0.0,0.0,0.0,0.0,0.0,0.0,0.0,0.0,0.0,0.0,0.0,0.0,0.0,0.0,0.0,6,18,886.0,455.0,0,0,886.0,455.0,887.0,455.0,92.0,135.0,142.0,154.0,2.0,28.0,6.0,19.0,79.0,148.0,0.86,0.89,70.0,74.0,311.0,289.0,174.0,182.0,675.0,455.0,675.0,455.0
739788,1.0,338,1,338,338,155.0,176.0,2.0,0.0,161.0,1.1,64.0,258,185.0,315,315,0.0,0.0,0.0,0.0,0.0,0.0,0.0,0.0,0.0,0.0,0.0,0.0,0.0,0.0,0.0,0.0,0.0,0.0,0.0,0.0,0.0,0.0,0.0,0.0,0.0,0.0,0.0,0.0,0.0,0.0,0.0,0.0,0.0,0.0,0.0,0.0,0.0,0.0,0.0,0.0,0.0,0.0,6,21,787.0,886.0,0,0,787.0,886.0,787.0,887.0,100.0,92.0,140.0,142.0,31.0,2.0,37.0,6.0,91.0,79.0,0.84,0.86,74.0,70.0,305.0,311.0,178.0,174.0,455.0,675.0,455.0,675.0
739736,2.0,481,0,1201,481,151.0,160.0,4.0,2.0,158.0,0.79,75.0,347,180.0,481,481,720.0,0.0,0.0,720.0,0.0,0.0,719.0,0.0,0.0,105.0,0.0,0.0,144.0,0.0,0.0,56.0,0.0,0.0,63.0,0.0,0.0,104.0,0.0,0.0,0.8,0.0,0.0,64.0,0.0,0.0,454.0,0.0,0.0,164.0,0.0,0.0,683.0,0.0,0.0,683.0,0.0,0.0,4,30,0.0,0.0,0,0,0.0,0.0,0.0,0.0,0.0,0.0,0.0,0.0,0.0,0.0,0.0,0.0,0.0,0.0,0.0,0.0,0.0,0.0,0.0,0.0,0.0,0.0,0.0,0.0,0.0,0.0
739739,2.0,453,0,1013,454,147.0,158.0,4.0,1.0,160.0,0.82,71.0,409,168.0,453,453,559.0,0.0,0.0,559.0,0.0,0.0,559.0,0.0,0.0,117.0,0.0,0.0,146.0,0.0,0.0,48.0,0.0,0.0,53.0,0.0,0.0,127.0,0.0,0.0,0.84,0.0,0.0,66.0,0.0,0.0,403.0,0.0,0.0,169.0,0.0,0.0,532.0,0.0,0.0,532.0,0.0,0.0,5,3,481.0,0.0,0,0,1201.0,0.0,481.0,0.0,151.0,0.0,160.0,0.0,4.0,0.0,2.0,0.0,158.0,0.0,0.79,0.0,75.0,0.0,347.0,0.0,180.0,0.0,481.0,0.0,481.0,0.0
739746,2.0,370,1,829,370,171.0,176.0,5.0,2.0,166.0,0.98,74.0,340,172.0,370,370,458.0,0.0,0.0,458.0,0.0,0.0,459.0,0.0,0.0,144.0,0.0,0.0,176.0,0.0,0.0,1.0,0.0,0.0,0.0,0.0,0.0,168.0,0.0,0.0,0.78,0.0,0.0,78.0,0.0,0.0,305.0,0.0,0.0,192.0,0.0,0.0,374.0,0.0,0.0,374.0,0.0,0.0,5,10,453.0,481.0,0,0,1013.0,1201.0,454.0,481.0,147.0,151.0,158.0,160.0,4.0,4.0,1.0,2.0,160.0,158.0,0.82,0.79,71.0,75.0,409.0,347.0,168.0,180.0,453.0,481.0,453.0,481.0
739753,2.0,590,0,1081,590,130.0,150.0,43.0,35.0,133.0,0.76,71.0,379,163.0,588,588,490.0,0.0,0.0,490.0,0.0,0.0,490.0,0.0,0.0,128.0,0.0,0.0,149.0,0.0,0.0,0.0,0.0,0.0,0.0,0.0,0.0,148.0,0.0,0.0,0.83,0.0,0.0,67.0,0.0,0.0,393.0,0.0,0.0,171.0,0.0,0.0,490.0,0.0,0.0,491.0,0.0,0.0,5,17,370.0,453.0,1,0,829.0,1013.0,370.0,454.0,171.0,147.0,176.0,158.0,5.0,4.0,2.0,1.0,166.0,160.0,0.98,0.82,74.0,71.0,340.0,409.0,172.0,168.0,370.0,453.0,370.0,453.0
739760,2.0,430,0,909,430,149.0,153.0,35.0,24.0,163.0,0.85,72.0,381,174.0,430,430,478.0,0.0,0.0,478.0,0.0,0.0,479.0,0.0,0.0,128.0,0.0,0.0,147.0,0.0,0.0,30.0,0.0,0.0,39.0,0.0,0.0,148.0,0.0,0.0,0.84,0.0,0.0,68.0,0.0,0.0,387.0,0.0,0.0,173.0,0.0,0.0,461.0,0.0,0.0,461.0,0.0,0.0,5,24,590.0,370.0,0,1,1081.0,829.0,590.0,370.0,130.0,171.0,150.0,176.0,43.0,5.0,35.0,2.0,133.0,166.0,0.76,0.98,71.0,74.0,379.0,340.0,163.0,172.0,588.0,370.0,588.0,370.0
739774,2.0,443,0,841,444,137.0,165.0,33.0,31.0,161.0,0.84,70.0,357,176.0,443,444,397.0,0.0,0.0,397.0,0.0,0.0,397.0,0.0,0.0,141.0,0.0,0.0,163.0,0.0,0.0,36.0,0.0,0.0,22.0,0.0,0.0,166.0,0.0,0.0,0.91,0.0,0.0,68.0,0.0,0.0,328.0,0.0,0.0,175.0,0.0,0.0,397.0,0.0,0.0,397.0,0.0,0.0,6,7,430.0,590.0,0,0,909.0,1081.0,430.0,590.0,149.0,130.0,153.0,150.0,35.0,43.0,24.0,35.0,163.0,133.0,0.85,0.76,72.0,71.0,381.0,379.0,174.0,163.0,430.0,588.0,430.0,588.0
739777,2.0,417,0,1044,417,147.0,154.0,16.0,17.0,166.0,0.87,72.0,335,179.0,417,417,627.0,0.0,0.0,627.0,0.0,0.0,627.0,0.0,0.0,105.0,0.0,0.0,150.0,0.0,0.0,29.0,0.0,0.0,24.0,0.0,0.0,107.0,0.0,0.0,0.89,0.0,0.0,69.0,0.0,0.0,356.0,0.0,0.0,175.0,0.0,0.0,485.0,0.0,0.0,485.0,0.0,0.0,6,10,443.0,430.0,0,0,841.0,909.0,444.0,430.0,137.0,149.0,165.0,153.0,33.0,35.0,31.0,24.0,161.0,163.0,0.84,0.85,70.0,72.0,357.0,381.0,176.0,174.0,443.0,430.0,444.0,430.0
739779,2.0,466,0,940,467,141.0,153.0,45.0,40.0,158.0,0.81,73.0,325,174.0,466,466,473.0,0.0,0.0,473.0,0.0,0.0,473.0,0.0,0.0,123.0,0.0,0.0,147.0,0.0,0.0,5.0,0.0,0.0,17.0,0.0,0.0,153.0,0.0,0.0,0.83,0.0,0.0,67.0,0.0,0.0,354.0,0.0,0.0,174.0,0.0,0.0,473.0,0.0,0.0,473.0,0.0,0.0,6,12,417.0,443.0,0,0,1044.0,841.0,417.0,444.0,147.0,137.0,154.0,165.0,16.0,33.0,17.0,31.0,166.0,161.0,0.87,0.84,72.0,70.0,335.0,357.0,179.0,176.0,417.0,443.0,417.0,444.0
739781,2.0,538,0,994,539,128.0,159.0,26.0,21.0,131.0,0.85,73.0,238,192.0,517,517,455.0,0.0,0.0,455.0,0.0,0.0,455.0,0.0,0.0,135.0,0.0,0.0,154.0,0.0,0.0,28.0,0.0,0.0,19.0,0.0,0.0,148.0,0.0,0.0,0.89,0.0,0.0,74.0,0.0,0.0,289.0,0.0,0.0,182.0,0.0,0.0,455.0,0.0,0.0,455.0,0.0,0.0,6,14,466.0,417.0,0,0,940.0,1044.0,467.0,417.0,141.0,147.0,153.0,154.0,45.0,16.0,40.0,17.0,158.0,166.0,0.81,0.87,73.0,72.0,325.0,335.0,174.0,179.0,466.0,417.0,466.0,417.0
739783,2.0,468,0,1355,469,139.0,150.0,8.0,6.0,156.0,0.82,76.0,361,172.0,468,469,886.0,0.0,0.0,886.0,0.0,0.0,887.0,0.0,0.0,92.0,0.0,0.0,142.0,0.0,0.0,2.0,0.0,0.0,6.0,0.0,0.0,79.0,0.0,0.0,0.86,0.0,0.0,70.0,0.0,0.0,311.0,0.0,0.0,174.0,0.0,0.0,675.0,0.0,0.0,675.0,0.0,0.0,6,16,538.0,466.0,0,0,994.0,940.0,539.0,467.0,128.0,141.0,159.0,153.0,26.0,45.0,21.0,40.0,131.0,158.0,0.85,0.81,73.0,73.0,238.0,325.0,192.0,174.0,517.0,466.0,517.0,466.0
739785,2.0,436,0,1223,436,142.0,152.0,47.0,35.0,163.0,0.84,71.0,379,180.0,436,436,787.0,0.0,0.0,787.0,0.0,0.0,787.0,0.0,0.0,100.0,0.0,0.0,140.0,0.0,0.0,31.0,0.0,0.0,37.0,0.0,0.0,91.0,0.0,0.0,0.84,0.0,0.0,74.0,0.0,0.0,305.0,0.0,0.0,178.0,0.0,0.0,455.0,0.0,0.0,455.0,0.0,0.0,6,18,468.0,538.0,0,0,1355.0,994.0,469.0,539.0,139.0,128.0,150.0,159.0,8.0,26.0,6.0,21.0,156.0,131.0,0.82,0.85,76.0,73.0,361.0,238.0,172.0,192.0,468.0,517.0,469.0,517.0
739788,2.0,342,1,681,342,174.0,176.0,1.0,3.0,167.0,1.05,74.0,330,173.0,342,342,338.0,0.0,0.0,338.0,0.0,0.0,338.0,0.0,0.0,155.0,0.0,0.0,176.0,0.0,0.0,2.0,0.0,0.0,0.0,0.0,0.0,161.0,0.0,0.0,1.1,0.0,0.0,64.0,0.0,0.0,258.0,0.0,0.0,185.0,0.0,0.0,315.0,0.0,0.0,315.0,0.0,0.0,6,21,436.0,468.0,0,0,1223.0,1355.0,436.0,469.0,142.0,139.0,152.0,150.0,47.0,8.0,35.0,6.0,163.0,156.0,0.84,0.82,71.0,76.0,379.0,361.0,180.0,172.0,436.0,468.0,436.0,469.0
739736,3.0,507,0,1708,507,153.0,162.0,5.0,5.0,157.0,0.75,84.0,464,165.0,507,507,481.0,720.0,0.0,1201.0,720.0,0.0,481.0,719.0,0.0,151.0,105.0,0.0,160.0,144.0,0.0,4.0,56.0,0.0,2.0,63.0,0.0,158.0,104.0,0.0,0.79,0.8,0.0,75.0,64.0,0.0,347.0,454.0,0.0,180.0,164.0,0.0,481.0,683.0,0.0,481.0,683.0,0.0,4,30,0.0,0.0,0,0,0.0,0.0,0.0,0.0,0.0,0.0,0.0,0.0,0.0,0.0,0.0,0.0,0.0,0.0,0.0,0.0,0.0,0.0,0.0,0.0,0.0,0.0,0.0,0.0,0.0,0.0
739739,3.0,471,0,1484,471,153.0,163.0,5.0,8.0,157.0,0.81,75.0,414,165.0,471,471,453.0,559.0,0.0,1013.0,559.0,0.0,454.0,559.0,0.0,147.0,117.0,0.0,158.0,146.0,0.0,4.0,48.0,0.0,1.0,53.0,0.0,160.0,127.0,0.0,0.82,0.84,0.0,71.0,66.0,0.0,409.0,403.0,0.0,168.0,169.0,0.0,453.0,532.0,0.0,453.0,532.0,0.0,5,3,507.0,0.0,0,0,1708.0,0.0,507.0,0.0,153.0,0.0,162.0,0.0,5.0,0.0,5.0,0.0,157.0,0.0,0.75,0.0,84.0,0.0,464.0,0.0,165.0,0.0,507.0,0.0,507.0,0.0
739746,3.0,404,1,1234,405,171.0,175.0,3.0,4.0,162.0,0.91,75.0,381,167.0,404,405,370.0,458.0,0.0,829.0,458.0,0.0,370.0,459.0,0.0,171.0,144.0,0.0,176.0,176.0,0.0,5.0,1.0,0.0,2.0,0.0,0.0,166.0,168.0,0.0,0.98,0.78,0.0,74.0,78.0,0.0,340.0,305.0,0.0,172.0,192.0,0.0,370.0,374.0,0.0,370.0,374.0,0.0,5,10,471.0,507.0,0,0,1484.0,1708.0,471.0,507.0,153.0,153.0,163.0,162.0,5.0,5.0,8.0,5.0,157.0,157.0,0.81,0.75,75.0,84.0,414.0,464.0,165.0,165.0,471.0,507.0,471.0,507.0
739753,3.0,481,0,1562,481,143.0,154.0,18.0,20.0,155.0,0.81,69.0,415,177.0,481,481,590.0,490.0,0.0,1081.0,490.0,0.0,590.0,490.0,0.0,130.0,128.0,0.0,150.0,149.0,0.0,43.0,0.0,0.0,35.0,0.0,0.0,133.0,148.0,0.0,0.76,0.83,0.0,71.0,67.0,0.0,379.0,393.0,0.0,163.0,171.0,0.0,588.0,490.0,0.0,588.0,491.0,0.0,5,17,404.0,471.0,1,0,1234.0,1484.0,405.0,471.0,171.0,153.0,175.0,163.0,3.0,5.0,4.0,8.0,162.0,157.0,0.91,0.81,75.0,75.0,381.0,414.0,167.0,165.0,404.0,471.0,405.0,471.0
739760,3.0,442,0,1351,442,154.0,164.0,29.0,42.0,163.0,0.83,71.0,376,171.0,442,442,430.0,478.0,0.0,909.0,478.0,0.0,430.0,479.0,0.0,149.0,128.0,0.0,153.0,147.0,0.0,35.0,30.0,0.0,24.0,39.0,0.0,163.0,148.0,0.0,0.85,0.84,0.0,72.0,68.0,0.0,381.0,387.0,0.0,174.0,173.0,0.0,430.0,461.0,0.0,430.0,461.0,0.0,5,24,481.0,404.0,0,1,1562.0,1234.0,481.0,405.0,143.0,171.0,154.0,175.0,18.0,3.0,20.0,4.0,155.0,162.0,0.81,0.91,69.0,75.0,415.0,381.0,177.0,167.0,481.0,404.0,481.0,405.0
739774,3.0,482,0,1324,483,152.0,168.0,0.0,16.0,145.0,0.86,82.0,294,187.0,457,457,443.0,397.0,0.0,841.0,397.0,0.0,444.0,397.0,0.0,137.0,141.0,0.0,165.0,163.0,0.0,33.0,36.0,0.0,31.0,22.0,0.0,161.0,166.0,0.0,0.84,0.91,0.0,70.0,68.0,0.0,357.0,328.0,0.0,176.0,175.0,0.0,443.0,397.0,0.0,444.0,397.0,0.0,6,7,442.0,481.0,0,0,1351.0,1562.0,442.0,481.0,154.0,143.0,164.0,154.0,29.0,18.0,42.0,20.0,163.0,155.0,0.83,0.81,71.0,69.0,376.0,415.0,171.0,177.0,442.0,481.0,442.0,481.0
739777,3.0,435,0,1479,436,144.0,159.0,39.0,38.0,160.0,0.86,70.0,264,184.0,435,435,417.0,627.0,0.0,1044.0,627.0,0.0,417.0,627.0,0.0,147.0,105.0,0.0,154.0,150.0,0.0,16.0,29.0,0.0,17.0,24.0,0.0,166.0,107.0,0.0,0.87,0.89,0.0,72.0,69.0,0.0,335.0,356.0,0.0,179.0,175.0,0.0,417.0,485.0,0.0,417.0,485.0,0.0,6,10,482.0,442.0,0,0,1324.0,1351.0,483.0,442.0,152.0,154.0,168.0,164.0,0.0,29.0,16.0,42.0,145.0,163.0,0.86,0.83,82.0,71.0,294.0,376.0,187.0,171.0,457.0,442.0,457.0,442.0
739779,3.0,446,0,1387,447,147.0,156.0,8.0,10.0,160.0,0.84,71.0,388,173.0,446,447,466.0,473.0,0.0,940.0,473.0,0.0,467.0,473.0,0.0,141.0,123.0,0.0,153.0,147.0,0.0,45.0,5.0,0.0,40.0,17.0,0.0,158.0,153.0,0.0,0.81,0.83,0.0,73.0,67.0,0.0,325.0,354.0,0.0,174.0,174.0,0.0,466.0,473.0,0.0,466.0,473.0,0.0,6,12,435.0,482.0,0,0,1479.0,1324.0,436.0,483.0,144.0,152.0,159.0,168.0,39.0,0.0,38.0,16.0,160.0,145.0,0.86,0.86,70.0,82.0,264.0,294.0,184.0,187.0,435.0,457.0,435.0,457.0
739781,3.0,708,0,1702,708,119.0,136.0,12.0,29.0,100.0,0.84,69.0,293,179.0,552,552,538.0,455.0,0.0,994.0,455.0,0.0,539.0,455.0,0.0,128.0,135.0,0.0,159.0,154.0,0.0,26.0,28.0,0.0,21.0,19.0,0.0,131.0,148.0,0.0,0.85,0.89,0.0,73.0,74.0,0.0,238.0,289.0,0.0,192.0,182.0,0.0,517.0,455.0,0.0,517.0,455.0,0.0,6,14,446.0,435.0,0,0,1387.0,1479.0,447.0,436.0,147.0,144.0,156.0,159.0,8.0,39.0,10.0,38.0,160.0,160.0,0.84,0.86,71.0,70.0,388.0,264.0,173.0,184.0,446.0,435.0,447.0,435.0
739783,3.0,519,0,1875,519,139.0,154.0,0.0,0.0,148.0,0.78,75.0,341,236.0,519,519,468.0,886.0,0.0,1355.0,886.0,0.0,469.0,887.0,0.0,139.0,92.0,0.0,150.0,142.0,0.0,8.0,2.0,0.0,6.0,6.0,0.0,156.0,79.0,0.0,0.82,0.86,0.0,76.0,70.0,0.0,361.0,311.0,0.0,172.0,174.0,0.0,468.0,675.0,0.0,469.0,675.0,0.0,6,16,708.0,446.0,0,0,1702.0,1387.0,708.0,447.0,119.0,147.0,136.0,156.0,12.0,8.0,29.0,10.0,100.0,160.0,0.84,0.84,69.0,71.0,293.0,388.0,179.0,173.0,552.0,446.0,552.0,447.0
739785,3.0,456,0,1679,456,144.0,154.0,15.0,29.0,161.0,0.82,70.0,358,169.0,456,456,436.0,787.0,0.0,1223.0,787.0,0.0,436.0,787.0,0.0,142.0,100.0,0.0,152.0,140.0,0.0,47.0,31.0,0.0,35.0,37.0,0.0,163.0,91.0,0.0,0.84,0.84,0.0,71.0,74.0,0.0,379.0,305.0,0.0,180.0,178.0,0.0,436.0,455.0,0.0,436.0,455.0,0.0,6,18,519.0,708.0,0,0,1875.0,1702.0,519.0,708.0,139.0,119.0,154.0,136.0,0.0,12.0,0.0,29.0,148.0,100.0,0.78,0.84,75.0,69.0,341.0,293.0,236.0,179.0,519.0,552.0,519.0,552.0
739788,3.0,385,1,1066,386,172.0,174.0,2.0,0.0,162.0,0.96,77.0,346,169.0,385,385,342.0,338.0,0.0,681.0,338.0,0.0,342.0,338.0,0.0,174.0,155.0,0.0,176.0,176.0,0.0,1.0,2.0,0.0,3.0,0.0,0.0,167.0,161.0,0.0,1.05,1.1,0.0,74.0,64.0,0.0,330.0,258.0,0.0,173.0,185.0,0.0,342.0,315.0,0.0,342.0,315.0,0.0,6,21,456.0,519.0,0,0,1679.0,1875.0,456.0,519.0,144.0,139.0,154.0,154.0,15.0,0.0,29.0,0.0,161.0,148.0,0.82,0.78,70.0,75.0,358.0,341.0,169.0,236.0,456.0,519.0,456.0,519.0
739736,4.0,485,0,2193,485,158.0,165.0,4.0,5.0,157.0,0.79,79.0,414,169.0,485,485,507.0,481.0,720.0,1708.0,1201.0,720.0,507.0,481.0,719.0,153.0,151.0,105.0,162.0,160.0,144.0,5.0,4.0,56.0,5.0,2.0,63.0,157.0,158.0,104.0,0.75,0.79,0.8,84.0,75.0,64.0,464.0,347.0,454.0,165.0,180.0,164.0,507.0,481.0,683.0,507.0,481.0,683.0,4,30,0.0,0.0,0,0,0.0,0.0,0.0,0.0,0.0,0.0,0.0,0.0,0.0,0.0,0.0,0.0,0.0,0.0,0.0,0.0,0.0,0.0,0.0,0.0,0.0,0.0,0.0,0.0,0.0,0.0
739739,4.0,535,0,2020,535,151.0,163.0,35.0,20.0,156.0,0.72,88.0,450,181.0,535,535,471.0,453.0,559.0,1484.0,1013.0,559.0,471.0,454.0,559.0,153.0,147.0,117.0,163.0,158.0,146.0,5.0,4.0,48.0,8.0,1.0,53.0,157.0,160.0,127.0,0.81,0.82,0.84,75.0,71.0,66.0,414.0,409.0,403.0,165.0,168.0,169.0,471.0,453.0,532.0,471.0,453.0,532.0,5,3,485.0,0.0,0,0,2193.0,0.0,485.0,0.0,158.0,0.0,165.0,0.0,4.0,0.0,5.0,0.0,157.0,0.0,0.79,0.0,79.0,0.0,414.0,0.0,169.0,0.0,485.0,0.0,485.0,0.0
739746,4.0,407,1,1641,407,174.0,178.0,0.0,2.0,163.0,0.91,77.0,395,167.0,407,407,404.0,370.0,458.0,1234.0,829.0,458.0,405.0,370.0,459.0,171.0,171.0,144.0,175.0,176.0,176.0,3.0,5.0,1.0,4.0,2.0,0.0,162.0,166.0,168.0,0.91,0.98,0.78,75.0,74.0,78.0,381.0,340.0,305.0,167.0,172.0,192.0,404.0,370.0,374.0,405.0,370.0,374.0,5,10,535.0,485.0,0,0,2020.0,2193.0,535.0,485.0,151.0,158.0,163.0,165.0,35.0,4.0,20.0,5.0,156.0,157.0,0.72,0.79,88.0,79.0,450.0,414.0,181.0,169.0,535.0,485.0,535.0,485.0
739753,4.0,452,0,2014,452,149.0,162.0,10.0,16.0,161.0,0.82,72.0,371,169.0,452,452,481.0,590.0,490.0,1562.0,1081.0,490.0,481.0,590.0,490.0,143.0,130.0,128.0,154.0,150.0,149.0,18.0,43.0,0.0,20.0,35.0,0.0,155.0,133.0,148.0,0.81,0.76,0.83,69.0,71.0,67.0,415.0,379.0,393.0,177.0,163.0,171.0,481.0,588.0,490.0,481.0,588.0,491.0,5,17,407.0,535.0,1,0,1641.0,2020.0,407.0,535.0,174.0,151.0,178.0,163.0,0.0,35.0,2.0,20.0,163.0,156.0,0.91,0.72,77.0,88.0,395.0,450.0,167.0,181.0,407.0,535.0,407.0,535.0
739760,4.0,447,0,1799,448,156.0,161.0,49.0,45.0,161.0,0.83,75.0,319,177.0,447,448,442.0,430.0,478.0,1351.0,909.0,478.0,442.0,430.0,479.0,154.0,149.0,128.0,164.0,153.0,147.0,29.0,35.0,30.0,42.0,24.0,39.0,163.0,163.0,148.0,0.83,0.85,0.84,71.0,72.0,68.0,376.0,381.0,387.0,171.0,174.0,173.0,442.0,430.0,461.0,442.0,430.0,461.0,5,24,452.0,407.0,0,1,2014.0,1641.0,452.0,407.0,149.0,174.0,162.0,178.0,10.0,0.0,16.0,2.0,161.0,163.0,0.82,0.91,72.0,77.0,371.0,395.0,169.0,167.0,452.0,407.0,452.0,407.0
739774,4.0,381,0,1705,382,169.0,175.0,3.0,0.0,168.0,0.94,76.0,339,178.0,381,381,482.0,443.0,397.0,1324.0,841.0,397.0,483.0,444.0,397.0,152.0,137.0,141.0,168.0,165.0,163.0,0.0,33.0,36.0,16.0,31.0,22.0,145.0,161.0,166.0,0.86,0.84,0.91,82.0,70.0,68.0,294.0,357.0,328.0,187.0,176.0,175.0,457.0,443.0,397.0,457.0,444.0,397.0,6,7,447.0,452.0,0,0,1799.0,2014.0,448.0,452.0,156.0,149.0,161.0,162.0,49.0,10.0,45.0,16.0,161.0,161.0,0.83,0.82,75.0,72.0,319.0,371.0,177.0,169.0,447.0,452.0,448.0,452.0
739777,4.0,406,0,1886,406,158.0,162.0,21.0,20.0,166.0,0.89,74.0,325,174.0,406,406,435.0,417.0,627.0,1479.0,1044.0,627.0,436.0,417.0,627.0,144.0,147.0,105.0,159.0,154.0,150.0,39.0,16.0,29.0,38.0,17.0,24.0,160.0,166.0,107.0,0.86,0.87,0.89,70.0,72.0,69.0,264.0,335.0,356.0,184.0,179.0,175.0,435.0,417.0,485.0,435.0,417.0,485.0,6,10,381.0,447.0,0,0,1705.0,1799.0,382.0,448.0,169.0,156.0,175.0,161.0,3.0,49.0,0.0,45.0,168.0,161.0,0.94,0.83,76.0,75.0,339.0,319.0,178.0,177.0,381.0,447.0,381.0,448.0
739779,4.0,463,0,1851,464,149.0,157.0,45.0,46.0,161.0,0.8,72.0,380,170.0,463,464,446.0,466.0,473.0,1387.0,940.0,473.0,447.0,467.0,473.0,147.0,141.0,123.0,156.0,153.0,147.0,8.0,45.0,5.0,10.0,40.0,17.0,160.0,158.0,153.0,0.84,0.81,0.83,71.0,73.0,67.0,388.0,325.0,354.0,173.0,174.0,174.0,446.0,466.0,473.0,447.0,466.0,473.0,6,12,406.0,381.0,0,0,1886.0,1705.0,406.0,382.0,158.0,169.0,162.0,175.0,21.0,3.0,20.0,0.0,166.0,168.0,0.89,0.94,74.0,76.0,325.0,339.0,174.0,178.0,406.0,381.0,406.0,381.0
739781,4.0,472,0,2174,472,134.0,156.0,4.0,0.0,150.0,0.85,68.0,325,176.0,472,472,708.0,538.0,455.0,1702.0,994.0,455.0,708.0,539.0,455.0,119.0,128.0,135.0,136.0,159.0,154.0,12.0,26.0,28.0,29.0,21.0,19.0,100.0,131.0,148.0,0.84,0.85,0.89,69.0,73.0,74.0,293.0,238.0,289.0,179.0,192.0,182.0,552.0,517.0,455.0,552.0,517.0,455.0,6,14,463.0,406.0,0,0,1851.0,1886.0,464.0,406.0,149.0,158.0,157.0,162.0,45.0,21.0,46.0,20.0,161.0,166.0,0.8,0.89,72.0,74.0,380.0,325.0,170.0,174.0,463.0,406.0,464.0,406.0
739783,4.0,494,0,2369,494,142.0,152.0,3.0,5.0,155.0,0.79,72.0,419,167.0,494,494,519.0,468.0,886.0,1875.0,1355.0,886.0,519.0,469.0,887.0,139.0,139.0,92.0,154.0,150.0,142.0,0.0,8.0,2.0,0.0,6.0,6.0,148.0,156.0,79.0,0.78,0.82,0.86,75.0,76.0,70.0,341.0,361.0,311.0,236.0,172.0,174.0,519.0,468.0,675.0,519.0,469.0,675.0,6,16,472.0,463.0,0,0,2174.0,1851.0,472.0,464.0,134.0,149.0,156.0,157.0,4.0,45.0,0.0,46.0,150.0,161.0,0.85,0.8,68.0,72.0,325.0,380.0,176.0,170.0,472.0,463.0,472.0,464.0
739785,4.0,454,0,2133,454,147.0,158.0,43.0,42.0,160.0,0.83,73.0,360,174.0,454,454,456.0,436.0,787.0,1679.0,1223.0,787.0,456.0,436.0,787.0,144.0,142.0,100.0,154.0,152.0,140.0,15.0,47.0,31.0,29.0,35.0,37.0,161.0,163.0,91.0,0.82,0.84,0.84,70.0,71.0,74.0,358.0,379.0,305.0,169.0,180.0,178.0,456.0,436.0,455.0,456.0,436.0,455.0,6,18,494.0,472.0,0,0,2369.0,2174.0,494.0,472.0,142.0,134.0,152.0,156.0,3.0,4.0,5.0,0.0,155.0,150.0,0.79,0.85,72.0,68.0,419.0,325.0,167.0,176.0,494.0,472.0,494.0,472.0
739788,4.0,428,1,1494,428,165.0,175.0,2.0,8.0,149.0,0.94,81.0,335,173.0,408,408,385.0,342.0,338.0,1066.0,681.0,338.0,386.0,342.0,338.0,172.0,174.0,155.0,174.0,176.0,176.0,2.0,1.0,2.0,0.0,3.0,0.0,162.0,167.0,161.0,0.96,1.05,1.1,77.0,74.0,64.0,346.0,330.0,258.0,169.0,173.0,185.0,385.0,342.0,315.0,385.0,342.0,315.0,6,21,454.0,494.0,0,0,2133.0,2369.0,454.0,494.0,147.0,142.0,158.0,152.0,43.0,3.0,42.0,5.0,160.0,155.0,0.83,0.79,73.0,72.0,360.0,419.0,174.0,167.0,454.0,494.0,454.0,494.0
739736,5.0,535,0,2728,535,156.0,161.0,4.0,3.0,154.0,0.73,91.0,464,165.0,535,535,485.0,507.0,481.0,2193.0,1708.0,1201.0,485.0,507.0,481.0,158.0,153.0,151.0,165.0,162.0,160.0,4.0,5.0,4.0,5.0,5.0,2.0,157.0,157.0,158.0,0.79,0.75,0.79,79.0,84.0,75.0,414.0,464.0,347.0,169.0,165.0,180.0,485.0,507.0,481.0,485.0,507.0,481.0,4,30,0.0,0.0,0,0,0.0,0.0,0.0,0.0,0.0,0.0,0.0,0.0,0.0,0.0,0.0,0.0,0.0,0.0,0.0,0.0,0.0,0.0,0.0,0.0,0.0,0.0,0.0,0.0,0.0,0.0
739739,5.0,457,0,2477,457,158.0,166.0,28.0,36.0,162.0,0.81,73.0,414,169.0,457,457,535.0,471.0,453.0,2020.0,1484.0,1013.0,535.0,471.0,454.0,151.0,153.0,147.0,163.0,163.0,158.0,35.0,5.0,4.0,20.0,8.0,1.0,156.0,157.0,160.0,0.72,0.81,0.82,88.0,75.0,71.0,450.0,414.0,409.0,181.0,165.0,168.0,535.0,471.0,453.0,535.0,471.0,453.0,5,3,535.0,0.0,0,0,2728.0,0.0,535.0,0.0,156.0,0.0,161.0,0.0,4.0,0.0,3.0,0.0,154.0,0.0,0.73,0.0,91.0,0.0,464.0,0.0,165.0,0.0,535.0,0.0,535.0,0.0
739746,5.0,519,1,2160,519,165.0,180.0,3.0,0.0,131.0,0.88,95.0,381,176.0,457,457,407.0,404.0,370.0,1641.0,1234.0,829.0,407.0,405.0,370.0,174.0,171.0,171.0,178.0,175.0,176.0,0.0,3.0,5.0,2.0,4.0,2.0,163.0,162.0,166.0,0.91,0.91,0.98,77.0,75.0,74.0,395.0,381.0,340.0,167.0,167.0,172.0,407.0,404.0,370.0,407.0,405.0,370.0,5,10,457.0,535.0,0,0,2477.0,2728.0,457.0,535.0,158.0,156.0,166.0,161.0,28.0,4.0,36.0,3.0,162.0,154.0,0.81,0.73,73.0,91.0,414.0,464.0,169.0,165.0,457.0,535.0,457.0,535.0
739753,5.0,499,0,2514,500,149.0,157.0,15.0,12.0,157.0,0.77,73.0,443,165.0,499,500,452.0,481.0,590.0,2014.0,1562.0,1081.0,452.0,481.0,590.0,149.0,143.0,130.0,162.0,154.0,150.0,10.0,18.0,43.0,16.0,20.0,35.0,161.0,155.0,133.0,0.82,0.81,0.76,72.0,69.0,71.0,371.0,415.0,379.0,169.0,177.0,163.0,452.0,481.0,588.0,452.0,481.0,588.0,5,17,519.0,457.0,1,0,2160.0,2477.0,519.0,457.0,165.0,158.0,180.0,166.0,3.0,28.0,0.0,36.0,131.0,162.0,0.88,0.81,95.0,73.0,381.0,414.0,176.0,169.0,457.0,457.0,457.0,457.0
739760,5.0,469,0,2268,470,154.0,160.0,28.0,32.0,159.0,0.8,75.0,404,167.0,469,469,447.0,442.0,430.0,1799.0,1351.0,909.0,448.0,442.0,430.0,156.0,154.0,149.0,161.0,164.0,153.0,49.0,29.0,35.0,45.0,42.0,24.0,161.0,163.0,163.0,0.83,0.83,0.85,75.0,71.0,72.0,319.0,376.0,381.0,177.0,171.0,174.0,447.0,442.0,430.0,448.0,442.0,430.0,5,24,499.0,519.0,0,1,2514.0,2160.0,500.0,519.0,149.0,165.0,157.0,180.0,15.0,3.0,12.0,0.0,157.0,131.0,0.77,0.88,73.0,95.0,443.0,381.0,165.0,176.0,499.0,457.0,500.0,457.0
739774,5.0,458,0,2164,459,166.0,179.0,44.0,47.0,154.0,0.85,88.0,342,173.0,458,458,381.0,482.0,443.0,1705.0,1324.0,841.0,382.0,483.0,444.0,169.0,152.0,137.0,175.0,168.0,165.0,3.0,0.0,33.0,0.0,16.0,31.0,168.0,145.0,161.0,0.94,0.86,0.84,76.0,82.0,70.0,339.0,294.0,357.0,178.0,187.0,176.0,381.0,457.0,443.0,381.0,457.0,444.0,6,7,469.0,499.0,0,0,2268.0,2514.0,470.0,500.0,154.0,149.0,160.0,157.0,28.0,15.0,32.0,12.0,159.0,157.0,0.8,0.77,75.0,73.0,404.0,443.0,167.0,165.0,469.0,499.0,469.0,500.0
739777,5.0,469,0,2355,469,147.0,161.0,36.0,36.0,155.0,0.82,71.0,367,176.0,469,469,406.0,435.0,417.0,1886.0,1479.0,1044.0,406.0,436.0,417.0,158.0,144.0,147.0,162.0,159.0,154.0,21.0,39.0,16.0,20.0,38.0,17.0,166.0,160.0,166.0,0.89,0.86,0.87,74.0,70.0,72.0,325.0,264.0,335.0,174.0,184.0,179.0,406.0,435.0,417.0,406.0,435.0,417.0,6,10,458.0,469.0,0,0,2164.0,2268.0,459.0,470.0,166.0,154.0,179.0,160.0,44.0,28.0,47.0,32.0,154.0,159.0,0.85,0.8,88.0,75.0,342.0,404.0,173.0,167.0,458.0,469.0,458.0,469.0
739779,5.0,590,0,2441,590,134.0,159.0,43.0,33.0,136.0,0.74,67.0,412,170.0,590,590,463.0,446.0,466.0,1851.0,1387.0,940.0,464.0,447.0,467.0,149.0,147.0,141.0,157.0,156.0,153.0,45.0,8.0,45.0,46.0,10.0,40.0,161.0,160.0,158.0,0.8,0.84,0.81,72.0,71.0,73.0,380.0,388.0,325.0,170.0,173.0,174.0,463.0,446.0,466.0,464.0,447.0,466.0,6,12,469.0,458.0,0,0,2355.0,2164.0,469.0,459.0,147.0,166.0,161.0,179.0,36.0,44.0,36.0,47.0,155.0,154.0,0.82,0.85,71.0,88.0,367.0,342.0,176.0,173.0,469.0,458.0,469.0,458.0
739781,5.0,557,0,2732,557,134.0,152.0,34.0,38.0,140.0,0.77,70.0,411,168.0,557,557,472.0,708.0,538.0,2174.0,1702.0,994.0,472.0,708.0,539.0,134.0,119.0,128.0,156.0,136.0,159.0,4.0,12.0,26.0,0.0,29.0,21.0,150.0,100.0,131.0,0.85,0.84,0.85,68.0,69.0,73.0,325.0,293.0,238.0,176.0,179.0,192.0,472.0,552.0,517.0,472.0,552.0,517.0,6,14,590.0,469.0,0,0,2441.0,2355.0,590.0,469.0,134.0,147.0,159.0,161.0,43.0,36.0,33.0,36.0,136.0,155.0,0.74,0.82,67.0,71.0,412.0,367.0,170.0,176.0,590.0,469.0,590.0,469.0
739783,5.0,497,0,2867,498,147.0,158.0,10.0,5.0,155.0,0.78,74.0,384,171.0,497,498,494.0,519.0,468.0,2369.0,1875.0,1355.0,494.0,519.0,469.0,142.0,139.0,139.0,152.0,154.0,150.0,3.0,0.0,8.0,5.0,0.0,6.0,155.0,148.0,156.0,0.79,0.78,0.82,72.0,75.0,76.0,419.0,341.0,361.0,167.0,236.0,172.0,494.0,519.0,468.0,494.0,519.0,469.0,6,16,557.0,590.0,0,0,2732.0,2441.0,557.0,590.0,134.0,134.0,152.0,159.0,34.0,43.0,38.0,33.0,140.0,136.0,0.77,0.74,70.0,67.0,411.0,412.0,168.0,170.0,557.0,590.0,557.0,590.0
739785,5.0,461,0,2595,462,150.0,166.0,33.0,37.0,159.0,0.82,71.0,376,169.0,461,462,454.0,456.0,436.0,2133.0,1679.0,1223.0,454.0,456.0,436.0,147.0,144.0,142.0,158.0,154.0,152.0,43.0,15.0,47.0,42.0,29.0,35.0,160.0,161.0,163.0,0.83,0.82,0.84,73.0,70.0,71.0,360.0,358.0,379.0,174.0,169.0,180.0,454.0,456.0,436.0,454.0,456.0,436.0,6,18,497.0,557.0,0,0,2867.0,2732.0,498.0,557.0,147.0,134.0,158.0,152.0,10.0,34.0,5.0,38.0,155.0,140.0,0.78,0.77,74.0,70.0,384.0,411.0,171.0,168.0,497.0,557.0,498.0,557.0
739788,5.0,391,1,1885,391,173.0,177.0,1.0,0.0,165.0,0.93,78.0,344,173.0,391,391,428.0,385.0,342.0,1494.0,1066.0,681.0,428.0,386.0,342.0,165.0,172.0,174.0,175.0,174.0,176.0,2.0,2.0,1.0,8.0,0.0,3.0,149.0,162.0,167.0,0.94,0.96,1.05,81.0,77.0,74.0,335.0,346.0,330.0,173.0,169.0,173.0,408.0,385.0,342.0,408.0,385.0,342.0,6,21,461.0,497.0,0,0,2595.0,2867.0,462.0,498.0,150.0,147.0,166.0,158.0,33.0,10.0,37.0,5.0,159.0,155.0,0.82,0.78,71.0,74.0,376.0,384.0,169.0,171.0,461.0,497.0,462.0,498.0
739736,6.0,699,0,3428,699,132.0,154.0,29.0,19.0,121.0,0.71,65.0,406,170.0,699,699,535.0,485.0,507.0,2728.0,2193.0,1708.0,535.0,485.0,507.0,156.0,158.0,153.0,161.0,165.0,162.0,4.0,4.0,5.0,3.0,5.0,5.0,154.0,157.0,157.0,0.73,0.79,0.75,91.0,79.0,84.0,464.0,414.0,464.0,165.0,169.0,165.0,535.0,485.0,507.0,535.0,485.0,507.0,4,30,0.0,0.0,0,0,0.0,0.0,0.0,0.0,0.0,0.0,0.0,0.0,0.0,0.0,0.0,0.0,0.0,0.0,0.0,0.0,0.0,0.0,0.0,0.0,0.0,0.0,0.0,0.0,0.0,0.0
739739,6.0,479,0,2956,479,160.0,170.0,48.0,45.0,161.0,0.78,80.0,407,170.0,479,479,457.0,535.0,471.0,2477.0,2020.0,1484.0,457.0,535.0,471.0,158.0,151.0,153.0,166.0,163.0,163.0,28.0,35.0,5.0,36.0,20.0,8.0,162.0,156.0,157.0,0.81,0.72,0.81,73.0,88.0,75.0,414.0,450.0,414.0,169.0,181.0,165.0,457.0,535.0,471.0,457.0,535.0,471.0,5,3,699.0,0.0,0,0,3428.0,0.0,699.0,0.0,132.0,0.0,154.0,0.0,29.0,0.0,19.0,0.0,121.0,0.0,0.71,0.0,65.0,0.0,406.0,0.0,170.0,0.0,699.0,0.0,699.0,0.0
739746,6.0,442,1,2603,442,173.0,177.0,3.0,5.0,162.0,0.84,85.0,409,168.0,442,442,519.0,407.0,404.0,2160.0,1641.0,1234.0,519.0,407.0,405.0,165.0,174.0,171.0,180.0,178.0,175.0,3.0,0.0,3.0,0.0,2.0,4.0,131.0,163.0,162.0,0.88,0.91,0.91,95.0,77.0,75.0,381.0,395.0,381.0,176.0,167.0,167.0,457.0,407.0,404.0,457.0,407.0,405.0,5,10,479.0,699.0,0,0,2956.0,3428.0,479.0,699.0,160.0,132.0,170.0,154.0,48.0,29.0,45.0,19.0,161.0,121.0,0.78,0.71,80.0,65.0,407.0,406.0,170.0,170.0,479.0,699.0,479.0,699.0
739753,6.0,532,0,3047,532,151.0,158.0,26.0,27.0,153.0,0.74,81.0,506,163.0,532,532,499.0,452.0,481.0,2514.0,2014.0,1562.0,500.0,452.0,481.0,149.0,149.0,143.0,157.0,162.0,154.0,15.0,10.0,18.0,12.0,16.0,20.0,157.0,161.0,155.0,0.77,0.82,0.81,73.0,72.0,69.0,443.0,371.0,415.0,165.0,169.0,177.0,499.0,452.0,481.0,500.0,452.0,481.0,5,17,442.0,479.0,1,0,2603.0,2956.0,442.0,479.0,173.0,160.0,177.0,170.0,3.0,48.0,5.0,45.0,162.0,161.0,0.84,0.78,85.0,80.0,409.0,407.0,168.0,170.0,442.0,479.0,442.0,479.0
739760,6.0,926,0,3195,926,117.0,155.0,40.0,32.0,101.0,0.64,61.0,489,153.0,926,926,469.0,447.0,442.0,2268.0,1799.0,1351.0,470.0,448.0,442.0,154.0,156.0,154.0,160.0,161.0,164.0,28.0,49.0,29.0,32.0,45.0,42.0,159.0,161.0,163.0,0.8,0.83,0.83,75.0,75.0,71.0,404.0,319.0,376.0,167.0,177.0,171.0,469.0,447.0,442.0,469.0,448.0,442.0,5,24,532.0,442.0,0,1,3047.0,2603.0,532.0,442.0,151.0,173.0,158.0,177.0,26.0,3.0,27.0,5.0,153.0,162.0,0.74,0.84,81.0,85.0,506.0,409.0,163.0,168.0,532.0,442.0,532.0,442.0
739774,6.0,489,0,2653,490,159.0,178.0,32.0,19.0,149.0,0.82,87.0,277,192.0,489,490,458.0,381.0,482.0,2164.0,1705.0,1324.0,459.0,382.0,483.0,166.0,169.0,152.0,179.0,175.0,168.0,44.0,3.0,0.0,47.0,0.0,16.0,154.0,168.0,145.0,0.85,0.94,0.86,88.0,76.0,82.0,342.0,339.0,294.0,173.0,178.0,187.0,458.0,381.0,457.0,458.0,381.0,457.0,6,7,926.0,532.0,0,0,3195.0,3047.0,926.0,532.0,117.0,151.0,155.0,158.0,40.0,26.0,32.0,27.0,101.0,153.0,0.64,0.74,61.0,81.0,489.0,506.0,153.0,163.0,926.0,532.0,926.0,532.0
739777,6.0,579,0,2934,579,138.0,156.0,34.0,44.0,137.0,0.76,69.0,366,173.0,571,571,469.0,406.0,435.0,2355.0,1886.0,1479.0,469.0,406.0,436.0,147.0,158.0,144.0,161.0,162.0,159.0,36.0,21.0,39.0,36.0,20.0,38.0,155.0,166.0,160.0,0.82,0.89,0.86,71.0,74.0,70.0,367.0,325.0,264.0,176.0,174.0,184.0,469.0,406.0,435.0,469.0,406.0,435.0,6,10,489.0,926.0,0,0,2653.0,3195.0,490.0,926.0,159.0,117.0,178.0,155.0,32.0,40.0,19.0,32.0,149.0,101.0,0.82,0.64,87.0,61.0,277.0,489.0,192.0,153.0,489.0,926.0,490.0,926.0
739779,6.0,1133,0,3574,1133,100.0,118.0,50.0,60.0,69.0,0.77,61.0,616,125.0,877,877,590.0,463.0,446.0,2441.0,1851.0,1387.0,590.0,464.0,447.0,134.0,149.0,147.0,159.0,157.0,156.0,43.0,45.0,8.0,33.0,46.0,10.0,136.0,161.0,160.0,0.74,0.8,0.84,67.0,72.0,71.0,412.0,380.0,388.0,170.0,170.0,173.0,590.0,463.0,446.0,590.0,464.0,447.0,6,12,579.0,489.0,0,0,2934.0,2653.0,579.0,490.0,138.0,159.0,156.0,178.0,34.0,32.0,44.0,19.0,137.0,149.0,0.76,0.82,69.0,87.0,366.0,277.0,173.0,192.0,571.0,489.0,571.0,490.0
739781,6.0,609,0,3340,609,129.0,149.0,27.0,12.0,133.0,0.74,69.0,395,178.0,609,609,557.0,472.0,708.0,2732.0,2174.0,1702.0,557.0,472.0,708.0,134.0,134.0,119.0,152.0,156.0,136.0,34.0,4.0,12.0,38.0,0.0,29.0,140.0,150.0,100.0,0.77,0.85,0.84,70.0,68.0,69.0,411.0,325.0,293.0,168.0,176.0,179.0,557.0,472.0,552.0,557.0,472.0,552.0,6,14,1133.0,579.0,0,0,3574.0,2934.0,1133.0,579.0,100.0,138.0,118.0,156.0,50.0,34.0,60.0,44.0,69.0,137.0,0.77,0.76,61.0,69.0,616.0,366.0,125.0,173.0,877.0,571.0,877.0,571.0
739783,6.0,690,0,3556,690,127.0,151.0,5.0,5.0,123.0,0.71,69.0,371,238.0,683,683,497.0,494.0,519.0,2867.0,2369.0,1875.0,498.0,494.0,519.0,147.0,142.0,139.0,158.0,152.0,154.0,10.0,3.0,0.0,5.0,5.0,0.0,155.0,155.0,148.0,0.78,0.79,0.78,74.0,72.0,75.0,384.0,419.0,341.0,171.0,167.0,236.0,497.0,494.0,519.0,498.0,494.0,519.0,6,16,609.0,1133.0,0,0,3340.0,3574.0,609.0,1133.0,129.0,100.0,149.0,118.0,27.0,50.0,12.0,60.0,133.0,69.0,0.74,0.77,69.0,61.0,395.0,616.0,178.0,125.0,609.0,877.0,609.0,877.0
739785,6.0,440,0,3036,440,156.0,165.0,36.0,32.0,160.0,0.85,74.0,381,171.0,440,440,461.0,454.0,456.0,2595.0,2133.0,1679.0,462.0,454.0,456.0,150.0,147.0,144.0,166.0,158.0,154.0,33.0,43.0,15.0,37.0,42.0,29.0,159.0,160.0,161.0,0.82,0.83,0.82,71.0,73.0,70.0,376.0,360.0,358.0,169.0,174.0,169.0,461.0,454.0,456.0,462.0,454.0,456.0,6,18,690.0,609.0,0,0,3556.0,3340.0,690.0,609.0,127.0,129.0,151.0,149.0,5.0,27.0,5.0,12.0,123.0,133.0,0.71,0.74,69.0,69.0,371.0,395.0,238.0,178.0,683.0,609.0,683.0,609.0
739788,6.0,405,1,2291,406,175.0,178.0,6.0,2.0,163.0,0.91,84.0,355,170.0,405,405,391.0,428.0,385.0,1885.0,1494.0,1066.0,391.0,428.0,386.0,173.0,165.0,172.0,177.0,175.0,174.0,1.0,2.0,2.0,0.0,8.0,0.0,165.0,149.0,162.0,0.93,0.94,0.96,78.0,81.0,77.0,344.0,335.0,346.0,173.0,173.0,169.0,391.0,408.0,385.0,391.0,408.0,385.0,6,21,440.0,690.0,0,0,3036.0,3556.0,440.0,690.0,156.0,127.0,165.0,151.0,36.0,5.0,32.0,5.0,160.0,123.0,0.85,0.71,74.0,69.0,381.0,371.0,171.0,238.0,440.0,683.0,440.0,683.0
739736,7.0,526,0,3954,527,149.0,158.0,8.0,9.0,156.0,0.73,76.0,434,169.0,526,527,699.0,535.0,485.0,3428.0,2728.0,2193.0,699.0,535.0,485.0,132.0,156.0,158.0,154.0,161.0,165.0,29.0,4.0,4.0,19.0,3.0,5.0,121.0,154.0,157.0,0.71,0.73,0.79,65.0,91.0,79.0,406.0,464.0,414.0,170.0,165.0,169.0,699.0,535.0,485.0,699.0,535.0,485.0,4,30,0.0,0.0,0,0,0.0,0.0,0.0,0.0,0.0,0.0,0.0,0.0,0.0,0.0,0.0,0.0,0.0,0.0,0.0,0.0,0.0,0.0,0.0,0.0,0.0,0.0,0.0,0.0,0.0,0.0
739739,7.0,441,0,3398,442,165.0,173.0,13.0,14.0,161.0,0.84,79.0,373,177.0,441,441,479.0,457.0,535.0,2956.0,2477.0,2020.0,479.0,457.0,535.0,160.0,158.0,151.0,170.0,166.0,163.0,48.0,28.0,35.0,45.0,36.0,20.0,161.0,162.0,156.0,0.78,0.81,0.72,80.0,73.0,88.0,407.0,414.0,450.0,170.0,169.0,181.0,479.0,457.0,535.0,479.0,457.0,535.0,5,3,526.0,0.0,0,0,3954.0,0.0,527.0,0.0,149.0,0.0,158.0,0.0,8.0,0.0,9.0,0.0,156.0,0.0,0.73,0.0,76.0,0.0,434.0,0.0,169.0,0.0,526.0,0.0,527.0,0.0
739746,7.0,457,1,3060,458,172.0,179.0,3.0,5.0,155.0,0.85,90.0,390,166.0,450,450,442.0,519.0,407.0,2603.0,2160.0,1641.0,442.0,519.0,407.0,173.0,165.0,174.0,177.0,180.0,178.0,3.0,3.0,0.0,5.0,0.0,2.0,162.0,131.0,163.0,0.84,0.88,0.91,85.0,95.0,77.0,409.0,381.0,395.0,168.0,176.0,167.0,442.0,457.0,407.0,442.0,457.0,407.0,5,10,441.0,526.0,0,0,3398.0,3954.0,442.0,527.0,165.0,149.0,173.0,158.0,13.0,8.0,14.0,9.0,161.0,156.0,0.84,0.73,79.0,76.0,373.0,434.0,177.0,169.0,441.0,526.0,441.0,527.0
739753,7.0,517,0,3564,518,148.0,162.0,15.0,22.0,152.0,0.76,74.0,386,173.0,517,518,532.0,499.0,452.0,3047.0,2514.0,2014.0,532.0,500.0,452.0,151.0,149.0,149.0,158.0,157.0,162.0,26.0,15.0,10.0,27.0,12.0,16.0,153.0,157.0,161.0,0.74,0.77,0.82,81.0,73.0,72.0,506.0,443.0,371.0,163.0,165.0,169.0,532.0,499.0,452.0,532.0,500.0,452.0,5,17,457.0,441.0,1,0,3060.0,3398.0,458.0,442.0,172.0,165.0,179.0,173.0,3.0,13.0,5.0,14.0,155.0,161.0,0.85,0.84,90.0,79.0,390.0,373.0,166.0,177.0,450.0,441.0,450.0,441.0
739760,7.0,811,0,4006,812,111.0,146.0,35.0,49.0,105.0,0.71,56.0,404,168.0,740,740,926.0,469.0,447.0,3195.0,2268.0,1799.0,926.0,470.0,448.0,117.0,154.0,156.0,155.0,160.0,161.0,40.0,28.0,49.0,32.0,32.0,45.0,101.0,159.0,161.0,0.64,0.8,0.83,61.0,75.0,75.0,489.0,404.0,319.0,153.0,167.0,177.0,926.0,469.0,447.0,926.0,469.0,448.0,5,24,517.0,457.0,0,1,3564.0,3060.0,518.0,458.0,148.0,172.0,162.0,179.0,15.0,3.0,22.0,5.0,152.0,155.0,0.76,0.85,74.0,90.0,386.0,390.0,173.0,166.0,517.0,450.0,518.0,450.0
739774,7.0,440,0,3094,441,163.0,176.0,5.0,13.0,162.0,0.84,80.0,340,179.0,440,441,489.0,458.0,381.0,2653.0,2164.0,1705.0,490.0,459.0,382.0,159.0,166.0,169.0,178.0,179.0,175.0,32.0,44.0,3.0,19.0,47.0,0.0,149.0,154.0,168.0,0.82,0.85,0.94,87.0,88.0,76.0,277.0,342.0,339.0,192.0,173.0,178.0,489.0,458.0,381.0,490.0,458.0,381.0,6,7,811.0,517.0,0,0,4006.0,3564.0,812.0,518.0,111.0,148.0,146.0,162.0,35.0,15.0,49.0,22.0,105.0,152.0,0.71,0.76,56.0,74.0,404.0,386.0,168.0,173.0,740.0,517.0,740.0,518.0
739777,7.0,533,0,3468,534,133.0,152.0,7.0,5.0,142.0,0.79,63.0,271,180.0,533,534,579.0,469.0,406.0,2934.0,2355.0,1886.0,579.0,469.0,406.0,138.0,147.0,158.0,156.0,161.0,162.0,34.0,36.0,21.0,44.0,36.0,20.0,137.0,155.0,166.0,0.76,0.82,0.89,69.0,71.0,74.0,366.0,367.0,325.0,173.0,176.0,174.0,571.0,469.0,406.0,571.0,469.0,406.0,6,10,440.0,811.0,0,0,3094.0,4006.0,441.0,812.0,163.0,111.0,176.0,146.0,5.0,35.0,13.0,49.0,162.0,105.0,0.84,0.71,80.0,56.0,340.0,404.0,179.0,168.0,440.0,740.0,441.0,740.0
739779,7.0,923,0,4496,923,100.0,121.0,5.0,7.0,94.0,0.69,61.0,700,123.0,807,807,1133.0,590.0,463.0,3574.0,2441.0,1851.0,1133.0,590.0,464.0,100.0,134.0,149.0,118.0,159.0,157.0,50.0,43.0,45.0,60.0,33.0,46.0,69.0,136.0,161.0,0.77,0.74,0.8,61.0,67.0,72.0,616.0,412.0,380.0,125.0,170.0,170.0,877.0,590.0,463.0,877.0,590.0,464.0,6,12,533.0,440.0,0,0,3468.0,3094.0,534.0,441.0,133.0,163.0,152.0,176.0,7.0,5.0,5.0,13.0,142.0,162.0,0.79,0.84,63.0,80.0,271.0,340.0,180.0,179.0,533.0,440.0,534.0,441.0
739781,7.0,396,0,3736,396,147.0,164.0,5.0,15.0,164.0,0.92,67.0,308,184.0,396,396,609.0,557.0,472.0,3340.0,2732.0,2174.0,609.0,557.0,472.0,129.0,134.0,134.0,149.0,152.0,156.0,27.0,34.0,4.0,12.0,38.0,0.0,133.0,140.0,150.0,0.74,0.77,0.85,69.0,70.0,68.0,395.0,411.0,325.0,178.0,168.0,176.0,609.0,557.0,472.0,609.0,557.0,472.0,6,14,923.0,533.0,0,0,4496.0,3468.0,923.0,534.0,100.0,133.0,121.0,152.0,5.0,7.0,7.0,5.0,94.0,142.0,0.69,0.79,61.0,63.0,700.0,271.0,123.0,180.0,807.0,533.0,807.0,534.0
739783,7.0,558,0,4115,558,135.0,160.0,3.0,6.0,138.0,0.78,68.0,337,231.0,558,558,690.0,497.0,494.0,3556.0,2867.0,2369.0,690.0,498.0,494.0,127.0,147.0,142.0,151.0,158.0,152.0,5.0,10.0,3.0,5.0,5.0,5.0,123.0,155.0,155.0,0.71,0.78,0.79,69.0,74.0,72.0,371.0,384.0,419.0,238.0,171.0,167.0,683.0,497.0,494.0,683.0,498.0,494.0,6,16,396.0,923.0,0,0,3736.0,4496.0,396.0,923.0,147.0,100.0,164.0,121.0,5.0,5.0,15.0,7.0,164.0,94.0,0.92,0.69,67.0,61.0,308.0,700.0,184.0,123.0,396.0,807.0,396.0,807.0
739785,7.0,462,0,3498,463,154.0,166.0,28.0,32.0,157.0,0.82,73.0,397,169.0,462,463,440.0,461.0,454.0,3036.0,2595.0,2133.0,440.0,462.0,454.0,156.0,150.0,147.0,165.0,166.0,158.0,36.0,33.0,43.0,32.0,37.0,42.0,160.0,159.0,160.0,0.85,0.82,0.83,74.0,71.0,73.0,381.0,376.0,360.0,171.0,169.0,174.0,440.0,461.0,454.0,440.0,462.0,454.0,6,18,558.0,396.0,0,0,4115.0,3736.0,558.0,396.0,135.0,147.0,160.0,164.0,3.0,5.0,6.0,15.0,138.0,164.0,0.78,0.92,68.0,67.0,337.0,308.0,231.0,184.0,558.0,396.0,558.0,396.0
739788,7.0,459,1,2751,460,169.0,176.0,9.0,7.0,150.0,0.87,88.0,379,168.0,456,456,405.0,391.0,428.0,2291.0,1885.0,1494.0,406.0,391.0,428.0,175.0,173.0,165.0,178.0,177.0,175.0,6.0,1.0,2.0,2.0,0.0,8.0,163.0,165.0,149.0,0.91,0.93,0.94,84.0,78.0,81.0,355.0,344.0,335.0,170.0,173.0,173.0,405.0,391.0,408.0,405.0,391.0,408.0,6,21,462.0,558.0,0,0,3498.0,4115.0,463.0,558.0,154.0,135.0,166.0,160.0,28.0,3.0,32.0,6.0,157.0,138.0,0.82,0.78,73.0,68.0,397.0,337.0,169.0,231.0,462.0,558.0,463.0,558.0
739736,8.0,476,0,4430,476,158.0,168.0,40.0,40.0,159.0,0.79,79.0,395,171.0,476,476,526.0,699.0,535.0,3954.0,3428.0,2728.0,527.0,699.0,535.0,149.0,132.0,156.0,158.0,154.0,161.0,8.0,29.0,4.0,9.0,19.0,3.0,156.0,121.0,154.0,0.73,0.71,0.73,76.0,65.0,91.0,434.0,406.0,464.0,169.0,170.0,165.0,526.0,699.0,535.0,527.0,699.0,535.0,4,30,0.0,0.0,0,0,0.0,0.0,0.0,0.0,0.0,0.0,0.0,0.0,0.0,0.0,0.0,0.0,0.0,0.0,0.0,0.0,0.0,0.0,0.0,0.0,0.0,0.0,0.0,0.0,0.0,0.0
739739,8.0,472,0,3870,472,166.0,175.0,45.0,43.0,159.0,0.8,85.0,345,173.0,472,472,441.0,479.0,457.0,3398.0,2956.0,2477.0,442.0,479.0,457.0,165.0,160.0,158.0,173.0,170.0,166.0,13.0,48.0,28.0,14.0,45.0,36.0,161.0,161.0,162.0,0.84,0.78,0.81,79.0,80.0,73.0,373.0,407.0,414.0,177.0,170.0,169.0,441.0,479.0,457.0,441.0,479.0,457.0,5,3,476.0,0.0,0,0,4430.0,0.0,476.0,0.0,158.0,0.0,168.0,0.0,40.0,0.0,40.0,0.0,159.0,0.0,0.79,0.0,79.0,0.0,395.0,0.0,171.0,0.0,476.0,0.0,476.0,0.0
739746,8.0,466,1,3527,466,172.0,175.0,1.0,0.0,159.0,0.81,91.0,427,165.0,466,466,457.0,442.0,519.0,3060.0,2603.0,2160.0,458.0,442.0,519.0,172.0,173.0,165.0,179.0,177.0,180.0,3.0,3.0,3.0,5.0,5.0,0.0,155.0,162.0,131.0,0.85,0.84,0.88,90.0,85.0,95.0,390.0,409.0,381.0,166.0,168.0,176.0,450.0,442.0,457.0,450.0,442.0,457.0,5,10,472.0,476.0,0,0,3870.0,4430.0,472.0,476.0,166.0,158.0,175.0,168.0,45.0,40.0,43.0,40.0,159.0,159.0,0.8,0.79,85.0,79.0,345.0,395.0,173.0,171.0,472.0,476.0,472.0,476.0
739753,8.0,661,0,4226,661,133.0,152.0,11.0,5.0,128.0,0.71,65.0,478,159.0,661,661,517.0,532.0,499.0,3564.0,3047.0,2514.0,518.0,532.0,500.0,148.0,151.0,149.0,162.0,158.0,157.0,15.0,26.0,15.0,22.0,27.0,12.0,152.0,153.0,157.0,0.76,0.74,0.77,74.0,81.0,73.0,386.0,506.0,443.0,173.0,163.0,165.0,517.0,532.0,499.0,518.0,532.0,500.0,5,17,466.0,472.0,1,0,3527.0,3870.0,466.0,472.0,172.0,166.0,175.0,175.0,1.0,45.0,0.0,43.0,159.0,159.0,0.81,0.8,91.0,85.0,427.0,345.0,165.0,173.0,466.0,472.0,466.0,472.0
739760,8.0,493,0,4499,493,144.0,149.0,4.0,6.0,157.0,0.78,69.0,422,167.0,493,493,811.0,926.0,469.0,4006.0,3195.0,2268.0,812.0,926.0,470.0,111.0,117.0,154.0,146.0,155.0,160.0,35.0,40.0,28.0,49.0,32.0,32.0,105.0,101.0,159.0,0.71,0.64,0.8,56.0,61.0,75.0,404.0,489.0,404.0,168.0,153.0,167.0,740.0,926.0,469.0,740.0,926.0,469.0,5,24,661.0,466.0,0,1,4226.0,3527.0,661.0,466.0,133.0,172.0,152.0,175.0,11.0,1.0,5.0,0.0,128.0,159.0,0.71,0.81,65.0,91.0,478.0,427.0,159.0,165.0,661.0,466.0,661.0,466.0
739774,8.0,512,0,3607,513,160.0,172.0,17.0,15.0,148.0,0.79,81.0,383,170.0,507,507,440.0,489.0,458.0,3094.0,2653.0,2164.0,441.0,490.0,459.0,163.0,159.0,166.0,176.0,178.0,179.0,5.0,32.0,44.0,13.0,19.0,47.0,162.0,149.0,154.0,0.84,0.82,0.85,80.0,87.0,88.0,340.0,277.0,342.0,179.0,192.0,173.0,440.0,489.0,458.0,441.0,490.0,458.0,6,7,493.0,661.0,0,0,4499.0,4226.0,493.0,661.0,144.0,133.0,149.0,152.0,4.0,11.0,6.0,5.0,157.0,128.0,0.78,0.71,69.0,65.0,422.0,478.0,167.0,159.0,493.0,661.0,493.0,661.0
739777,8.0,596,0,4064,596,128.0,152.0,0.0,0.0,136.0,0.74,61.0,327,220.0,596,596,533.0,579.0,469.0,3468.0,2934.0,2355.0,534.0,579.0,469.0,133.0,138.0,147.0,152.0,156.0,161.0,7.0,34.0,36.0,5.0,44.0,36.0,142.0,137.0,155.0,0.79,0.76,0.82,63.0,69.0,71.0,271.0,366.0,367.0,180.0,173.0,176.0,533.0,571.0,469.0,534.0,571.0,469.0,6,10,512.0,493.0,0,0,3607.0,4499.0,513.0,493.0,160.0,144.0,172.0,149.0,17.0,4.0,15.0,6.0,148.0,157.0,0.79,0.78,81.0,69.0,383.0,422.0,170.0,167.0,507.0,493.0,507.0,493.0
739779,8.0,454,0,4951,454,137.0,147.0,5.0,5.0,157.0,0.84,70.0,375,167.0,454,454,923.0,1133.0,590.0,4496.0,3574.0,2441.0,923.0,1133.0,590.0,100.0,100.0,134.0,121.0,118.0,159.0,5.0,50.0,43.0,7.0,60.0,33.0,94.0,69.0,136.0,0.69,0.77,0.74,61.0,61.0,67.0,700.0,616.0,412.0,123.0,125.0,170.0,807.0,877.0,590.0,807.0,877.0,590.0,6,12,596.0,512.0,0,0,4064.0,3607.0,596.0,513.0,128.0,160.0,152.0,172.0,0.0,17.0,0.0,15.0,136.0,148.0,0.74,0.79,61.0,81.0,327.0,383.0,220.0,170.0,596.0,507.0,596.0,507.0
739781,8.0,458,0,4195,459,156.0,166.0,6.0,4.0,157.0,0.83,76.0,366,170.0,458,458,396.0,609.0,557.0,3736.0,3340.0,2732.0,396.0,609.0,557.0,147.0,129.0,134.0,164.0,149.0,152.0,5.0,27.0,34.0,15.0,12.0,38.0,164.0,133.0,140.0,0.92,0.74,0.77,67.0,69.0,70.0,308.0,395.0,411.0,184.0,178.0,168.0,396.0,609.0,557.0,396.0,609.0,557.0,6,14,454.0,596.0,0,0,4951.0,4064.0,454.0,596.0,137.0,128.0,147.0,152.0,5.0,0.0,5.0,0.0,157.0,136.0,0.84,0.74,70.0,61.0,375.0,327.0,167.0,220.0,454.0,596.0,454.0,596.0
739783,8.0,513,0,4628,514,144.0,161.0,4.0,0.0,144.0,0.81,71.0,303,228.0,509,509,558.0,690.0,497.0,4115.0,3556.0,2867.0,558.0,690.0,498.0,135.0,127.0,147.0,160.0,151.0,158.0,3.0,5.0,10.0,6.0,5.0,5.0,138.0,123.0,155.0,0.78,0.71,0.78,68.0,69.0,74.0,337.0,371.0,384.0,231.0,238.0,171.0,558.0,683.0,497.0,558.0,683.0,498.0,6,16,458.0,454.0,0,0,4195.0,4951.0,459.0,454.0,156.0,137.0,166.0,147.0,6.0,5.0,4.0,5.0,157.0,157.0,0.83,0.84,76.0,70.0,366.0,375.0,170.0,167.0,458.0,454.0,458.0,454.0
739785,8.0,550,0,4049,550,145.0,159.0,46.0,43.0,136.0,0.8,74.0,403,228.0,550,550,462.0,440.0,461.0,3498.0,3036.0,2595.0,463.0,440.0,462.0,154.0,156.0,150.0,166.0,165.0,166.0,28.0,36.0,33.0,32.0,32.0,37.0,157.0,160.0,159.0,0.82,0.85,0.82,73.0,74.0,71.0,397.0,381.0,376.0,169.0,171.0,169.0,462.0,440.0,461.0,463.0,440.0,462.0,6,18,513.0,458.0,0,0,4628.0,4195.0,514.0,459.0,144.0,156.0,161.0,166.0,4.0,6.0,0.0,4.0,144.0,157.0,0.81,0.83,71.0,76.0,303.0,366.0,228.0,170.0,509.0,458.0,509.0,458.0
739788,8.0,505,1,3257,506,164.0,174.0,0.0,4.0,138.0,0.86,94.0,366,175.0,462,462,459.0,405.0,391.0,2751.0,2291.0,1885.0,460.0,406.0,391.0,169.0,175.0,173.0,176.0,178.0,177.0,9.0,6.0,1.0,7.0,2.0,0.0,150.0,163.0,165.0,0.87,0.91,0.93,88.0,84.0,78.0,379.0,355.0,344.0,168.0,170.0,173.0,456.0,405.0,391.0,456.0,405.0,391.0,6,21,550.0,513.0,0,0,4049.0,4628.0,550.0,514.0,145.0,144.0,159.0,161.0,46.0,4.0,43.0,0.0,136.0,144.0,0.8,0.81,74.0,71.0,403.0,303.0,228.0,228.0,550.0,509.0,550.0,509.0
739736,9.0,617,0,5047,617,149.0,169.0,18.0,22.0,133.0,0.73,80.0,412,165.0,617,617,476.0,526.0,699.0,4430.0,3954.0,3428.0,476.0,527.0,699.0,158.0,149.0,132.0,168.0,158.0,154.0,40.0,8.0,29.0,40.0,9.0,19.0,159.0,156.0,121.0,0.79,0.73,0.71,79.0,76.0,65.0,395.0,434.0,406.0,171.0,169.0,170.0,476.0,526.0,699.0,476.0,527.0,699.0,4,30,0.0,0.0,0,0,0.0,0.0,0.0,0.0,0.0,0.0,0.0,0.0,0.0,0.0,0.0,0.0,0.0,0.0,0.0,0.0,0.0,0.0,0.0,0.0,0.0,0.0,0.0,0.0,0.0,0.0
739739,9.0,635,0,4505,635,143.0,161.0,32.0,33.0,132.0,0.72,74.0,499,161.0,635,635,472.0,441.0,479.0,3870.0,3398.0,2956.0,472.0,442.0,479.0,166.0,165.0,160.0,175.0,173.0,170.0,45.0,13.0,48.0,43.0,14.0,45.0,159.0,161.0,161.0,0.8,0.84,0.78,85.0,79.0,80.0,345.0,373.0,407.0,173.0,177.0,170.0,472.0,441.0,479.0,472.0,441.0,479.0,5,3,617.0,0.0,0,0,5047.0,0.0,617.0,0.0,149.0,0.0,169.0,0.0,18.0,0.0,22.0,0.0,133.0,0.0,0.73,0.0,80.0,0.0,412.0,0.0,165.0,0.0,617.0,0.0,617.0,0.0
739746,9.0,441,1,3968,441,174.0,179.0,0.0,2.0,161.0,0.84,90.0,411,165.0,441,441,466.0,457.0,442.0,3527.0,3060.0,2603.0,466.0,458.0,442.0,172.0,172.0,173.0,175.0,179.0,177.0,1.0,3.0,3.0,0.0,5.0,5.0,159.0,155.0,162.0,0.81,0.85,0.84,91.0,90.0,85.0,427.0,390.0,409.0,165.0,166.0,168.0,466.0,450.0,442.0,466.0,450.0,442.0,5,10,635.0,617.0,0,0,4505.0,5047.0,635.0,617.0,143.0,149.0,161.0,169.0,32.0,18.0,33.0,22.0,132.0,133.0,0.72,0.73,74.0,80.0,499.0,412.0,161.0,165.0,635.0,617.0,635.0,617.0
739753,9.0,969,0,5195,969,113.0,130.0,72.0,67.0,84.0,0.73,60.0,525,158.0,729,729,661.0,517.0,532.0,4226.0,3564.0,3047.0,661.0,518.0,532.0,133.0,148.0,151.0,152.0,162.0,158.0,11.0,15.0,26.0,5.0,22.0,27.0,128.0,152.0,153.0,0.71,0.76,0.74,65.0,74.0,81.0,478.0,386.0,506.0,159.0,173.0,163.0,661.0,517.0,532.0,661.0,518.0,532.0,5,17,441.0,635.0,1,0,3968.0,4505.0,441.0,635.0,174.0,143.0,179.0,161.0,0.0,32.0,2.0,33.0,161.0,132.0,0.84,0.72,90.0,74.0,411.0,499.0,165.0,161.0,441.0,635.0,441.0,635.0
739760,9.0,783,0,5282,783,121.0,156.0,4.0,2.0,117.0,0.66,62.0,468,161.0,783,783,493.0,811.0,926.0,4499.0,4006.0,3195.0,493.0,812.0,926.0,144.0,111.0,117.0,149.0,146.0,155.0,4.0,35.0,40.0,6.0,49.0,32.0,157.0,105.0,101.0,0.78,0.71,0.64,69.0,56.0,61.0,422.0,404.0,489.0,167.0,168.0,153.0,493.0,740.0,926.0,493.0,740.0,926.0,5,24,969.0,441.0,0,1,5195.0,3968.0,969.0,441.0,113.0,174.0,130.0,179.0,72.0,0.0,67.0,2.0,84.0,161.0,0.73,0.84,60.0,90.0,525.0,411.0,158.0,165.0,729.0,441.0,729.0,441.0
739774,9.0,666,0,4273,666,131.0,149.0,51.0,47.0,120.0,0.75,59.0,441,167.0,658,658,512.0,440.0,489.0,3607.0,3094.0,2653.0,513.0,441.0,490.0,160.0,163.0,159.0,172.0,176.0,178.0,17.0,5.0,32.0,15.0,13.0,19.0,148.0,162.0,149.0,0.79,0.84,0.82,81.0,80.0,87.0,383.0,340.0,277.0,170.0,179.0,192.0,507.0,440.0,489.0,507.0,441.0,490.0,6,7,783.0,969.0,0,0,5282.0,5195.0,783.0,969.0,121.0,113.0,156.0,130.0,4.0,72.0,2.0,67.0,117.0,84.0,0.66,0.73,62.0,60.0,468.0,525.0,161.0,158.0,783.0,729.0,783.0,729.0
739777,9.0,522,0,4586,522,135.0,147.0,5.0,5.0,144.0,0.8,66.0,338,177.0,522,522,596.0,533.0,579.0,4064.0,3468.0,2934.0,596.0,534.0,579.0,128.0,133.0,138.0,152.0,152.0,156.0,0.0,7.0,34.0,0.0,5.0,44.0,136.0,142.0,137.0,0.74,0.79,0.76,61.0,63.0,69.0,327.0,271.0,366.0,220.0,180.0,173.0,596.0,533.0,571.0,596.0,534.0,571.0,6,10,666.0,783.0,0,0,4273.0,5282.0,666.0,783.0,131.0,121.0,149.0,156.0,51.0,4.0,47.0,2.0,120.0,117.0,0.75,0.66,59.0,62.0,441.0,468.0,167.0,161.0,658.0,783.0,658.0,783.0
739779,9.0,636,0,5587,637,128.0,151.0,5.0,5.0,129.0,0.73,67.0,420,165.0,636,636,454.0,923.0,1133.0,4951.0,4496.0,3574.0,454.0,923.0,1133.0,137.0,100.0,100.0,147.0,121.0,118.0,5.0,5.0,50.0,5.0,7.0,60.0,157.0,94.0,69.0,0.84,0.69,0.77,70.0,61.0,61.0,375.0,700.0,616.0,167.0,123.0,125.0,454.0,807.0,877.0,454.0,807.0,877.0,6,12,522.0,666.0,0,0,4586.0,4273.0,522.0,666.0,135.0,131.0,147.0,149.0,5.0,51.0,5.0,47.0,144.0,120.0,0.8,0.75,66.0,59.0,338.0,441.0,177.0,167.0,522.0,658.0,522.0,658.0
739781,9.0,855,0,5051,855,122.0,141.0,57.0,53.0,90.0,0.78,66.0,430,167.0,661,661,458.0,396.0,609.0,4195.0,3736.0,3340.0,459.0,396.0,609.0,156.0,147.0,129.0,166.0,164.0,149.0,6.0,5.0,27.0,4.0,15.0,12.0,157.0,164.0,133.0,0.83,0.92,0.74,76.0,67.0,69.0,366.0,308.0,395.0,170.0,184.0,178.0,458.0,396.0,609.0,458.0,396.0,609.0,6,14,636.0,522.0,0,0,5587.0,4586.0,637.0,522.0,128.0,135.0,151.0,147.0,5.0,5.0,5.0,5.0,129.0,144.0,0.73,0.8,67.0,66.0,420.0,338.0,165.0,177.0,636.0,522.0,636.0,522.0
739783,9.0,856,0,5484,856,114.0,147.0,8.0,8.0,97.0,0.72,60.0,297,177.0,750,750,513.0,558.0,690.0,4628.0,4115.0,3556.0,514.0,558.0,690.0,144.0,135.0,127.0,161.0,160.0,151.0,4.0,3.0,5.0,0.0,6.0,5.0,144.0,138.0,123.0,0.81,0.78,0.71,71.0,68.0,69.0,303.0,337.0,371.0,228.0,231.0,238.0,509.0,558.0,683.0,509.0,558.0,683.0,6,16,855.0,636.0,0,0,5051.0,5587.0,855.0,637.0,122.0,128.0,141.0,151.0,57.0,5.0,53.0,5.0,90.0,129.0,0.78,0.73,66.0,67.0,430.0,420.0,167.0,165.0,661.0,636.0,661.0,636.0
739785,9.0,683,0,4731,683,120.0,149.0,38.0,34.0,104.0,0.85,59.0,350,241.0,683,683,550.0,462.0,440.0,4049.0,3498.0,3036.0,550.0,463.0,440.0,145.0,154.0,156.0,159.0,166.0,165.0,46.0,28.0,36.0,43.0,32.0,32.0,136.0,157.0,160.0,0.8,0.82,0.85,74.0,73.0,74.0,403.0,397.0,381.0,228.0,169.0,171.0,550.0,462.0,440.0,550.0,463.0,440.0,6,18,856.0,855.0,0,0,5484.0,5051.0,856.0,855.0,114.0,122.0,147.0,141.0,8.0,57.0,8.0,53.0,97.0,90.0,0.72,0.78,60.0,66.0,297.0,430.0,177.0,167.0,750.0,661.0,750.0,661.0
739788,9.0,546,1,3803,547,159.0,174.0,1.0,2.0,133.0,0.82,89.0,257,181.0,495,495,505.0,459.0,405.0,3257.0,2751.0,2291.0,506.0,460.0,406.0,164.0,169.0,175.0,174.0,176.0,178.0,0.0,9.0,6.0,4.0,7.0,2.0,138.0,150.0,163.0,0.86,0.87,0.91,94.0,88.0,84.0,366.0,379.0,355.0,175.0,168.0,170.0,462.0,456.0,405.0,462.0,456.0,405.0,6,21,683.0,856.0,0,0,4731.0,5484.0,683.0,856.0,120.0,114.0,149.0,147.0,38.0,8.0,34.0,8.0,104.0,97.0,0.85,0.72,59.0,60.0,350.0,297.0,241.0,177.0,683.0,750.0,683.0,750.0
739736,10.0,1382,0,6429,1381,114.0,128.0,42.0,39.0,47.0,0.93,65.0,299,235.0,634,634,617.0,476.0,526.0,5047.0,4430.0,3954.0,617.0,476.0,527.0,149.0,158.0,149.0,169.0,168.0,158.0,18.0,40.0,8.0,22.0,40.0,9.0,133.0,159.0,156.0,0.73,0.79,0.73,80.0,79.0,76.0,412.0,395.0,434.0,165.0,171.0,169.0,617.0,476.0,526.0,617.0,476.0,527.0,4,30,0.0,0.0,0,0,0.0,0.0,0.0,0.0,0.0,0.0,0.0,0.0,0.0,0.0,0.0,0.0,0.0,0.0,0.0,0.0,0.0,0.0,0.0,0.0,0.0,0.0,0.0,0.0,0.0,0.0
739739,10.0,712,0,5218,712,124.0,131.0,25.0,29.0,118.0,0.72,56.0,579,130.0,704,704,635.0,472.0,441.0,4505.0,3870.0,3398.0,635.0,472.0,442.0,143.0,166.0,165.0,161.0,175.0,173.0,32.0,45.0,13.0,33.0,43.0,14.0,132.0,159.0,161.0,0.72,0.8,0.84,74.0,85.0,79.0,499.0,345.0,373.0,161.0,173.0,177.0,635.0,472.0,441.0,635.0,472.0,441.0,5,3,1382.0,0.0,0,0,6429.0,0.0,1381.0,0.0,114.0,0.0,128.0,0.0,42.0,0.0,39.0,0.0,47.0,0.0,0.93,0.0,65.0,0.0,299.0,0.0,235.0,0.0,634.0,0.0,634.0,0.0
739746,10.0,492,1,4460,492,170.0,178.0,3.0,2.0,148.0,0.82,95.0,411,165.0,478,478,441.0,466.0,457.0,3968.0,3527.0,3060.0,441.0,466.0,458.0,174.0,172.0,172.0,179.0,175.0,179.0,0.0,1.0,3.0,2.0,0.0,5.0,161.0,159.0,155.0,0.84,0.81,0.85,90.0,91.0,90.0,411.0,427.0,390.0,165.0,165.0,166.0,441.0,466.0,450.0,441.0,466.0,450.0,5,10,712.0,1382.0,0,0,5218.0,6429.0,712.0,1381.0,124.0,114.0,131.0,128.0,25.0,42.0,29.0,39.0,118.0,47.0,0.72,0.93,56.0,65.0,579.0,299.0,130.0,235.0,704.0,634.0,704.0,634.0
739753,10.0,765,0,5960,765,114.0,126.0,34.0,35.0,116.0,0.68,55.0,696,126.0,765,765,969.0,661.0,517.0,5195.0,4226.0,3564.0,969.0,661.0,518.0,113.0,133.0,148.0,130.0,152.0,162.0,72.0,11.0,15.0,67.0,5.0,22.0,84.0,128.0,152.0,0.73,0.71,0.76,60.0,65.0,74.0,525.0,478.0,386.0,158.0,159.0,173.0,729.0,661.0,517.0,729.0,661.0,518.0,5,17,492.0,712.0,1,0,4460.0,5218.0,492.0,712.0,170.0,124.0,178.0,131.0,3.0,25.0,2.0,29.0,148.0,118.0,0.82,0.72,95.0,56.0,411.0,579.0,165.0,130.0,478.0,704.0,478.0,704.0
739760,10.0,775,0,6057,775,114.0,122.0,35.0,19.0,111.0,0.7,56.0,612,125.0,775,775,783.0,493.0,811.0,5282.0,4499.0,4006.0,783.0,493.0,812.0,121.0,144.0,111.0,156.0,149.0,146.0,4.0,4.0,35.0,2.0,6.0,49.0,117.0,157.0,105.0,0.66,0.78,0.71,62.0,69.0,56.0,468.0,422.0,404.0,161.0,167.0,168.0,783.0,493.0,740.0,783.0,493.0,740.0,5,24,765.0,492.0,0,1,5960.0,4460.0,765.0,492.0,114.0,170.0,126.0,178.0,34.0,3.0,35.0,2.0,116.0,148.0,0.68,0.82,55.0,95.0,696.0,411.0,126.0,165.0,765.0,478.0,765.0,478.0
739774,10.0,976,0,5249,976,118.0,150.0,17.0,6.0,80.0,0.77,65.0,347,247.0,795,795,666.0,512.0,440.0,4273.0,3607.0,3094.0,666.0,513.0,441.0,131.0,160.0,163.0,149.0,172.0,176.0,51.0,17.0,5.0,47.0,15.0,13.0,120.0,148.0,162.0,0.75,0.79,0.84,59.0,81.0,80.0,441.0,383.0,340.0,167.0,170.0,179.0,658.0,507.0,440.0,658.0,507.0,441.0,6,7,775.0,765.0,0,0,6057.0,5960.0,775.0,765.0,114.0,114.0,122.0,126.0,35.0,34.0,19.0,35.0,111.0,116.0,0.7,0.68,56.0,55.0,612.0,696.0,125.0,126.0,775.0,765.0,775.0,765.0
739777,10.0,862,0,5448,862,111.0,144.0,7.0,6.0,105.0,0.66,59.0,460,161.0,849,849,522.0,596.0,533.0,4586.0,4064.0,3468.0,522.0,596.0,534.0,135.0,128.0,133.0,147.0,152.0,152.0,5.0,0.0,7.0,5.0,0.0,5.0,144.0,136.0,142.0,0.8,0.74,0.79,66.0,61.0,63.0,338.0,327.0,271.0,177.0,220.0,180.0,522.0,596.0,533.0,522.0,596.0,534.0,6,10,976.0,775.0,0,0,5249.0,6057.0,976.0,775.0,118.0,114.0,150.0,122.0,17.0,35.0,6.0,19.0,80.0,111.0,0.77,0.7,65.0,56.0,347.0,612.0,247.0,125.0,795.0,775.0,795.0,775.0
739779,10.0,734,0,6321,734,114.0,137.0,4.0,5.0,115.0,0.71,60.0,281,176.0,728,728,636.0,454.0,923.0,5587.0,4951.0,4496.0,637.0,454.0,923.0,128.0,137.0,100.0,151.0,147.0,121.0,5.0,5.0,5.0,5.0,5.0,7.0,129.0,157.0,94.0,0.73,0.84,0.69,67.0,70.0,61.0,420.0,375.0,700.0,165.0,167.0,123.0,636.0,454.0,807.0,636.0,454.0,807.0,6,12,862.0,976.0,0,0,5448.0,5249.0,862.0,976.0,111.0,118.0,144.0,150.0,7.0,17.0,6.0,6.0,105.0,80.0,0.66,0.77,59.0,65.0,460.0,347.0,161.0,247.0,849.0,795.0,849.0,795.0
739781,10.0,659,0,5710,659,124.0,142.0,10.0,5.0,126.0,0.72,60.0,409,170.0,659,659,855.0,458.0,396.0,5051.0,4195.0,3736.0,855.0,459.0,396.0,122.0,156.0,147.0,141.0,166.0,164.0,57.0,6.0,5.0,53.0,4.0,15.0,90.0,157.0,164.0,0.78,0.83,0.92,66.0,76.0,67.0,430.0,366.0,308.0,167.0,170.0,184.0,661.0,458.0,396.0,661.0,458.0,396.0,6,14,734.0,862.0,0,0,6321.0,5448.0,734.0,862.0,114.0,111.0,137.0,144.0,4.0,7.0,5.0,6.0,115.0,105.0,0.71,0.66,60.0,59.0,281.0,460.0,176.0,161.0,728.0,849.0,728.0,849.0
739783,10.0,718,0,6202,718,117.0,143.0,45.0,31.0,113.0,0.74,62.0,294,176.0,688,688,856.0,513.0,558.0,5484.0,4628.0,4115.0,856.0,514.0,558.0,114.0,144.0,135.0,147.0,161.0,160.0,8.0,4.0,3.0,8.0,0.0,6.0,97.0,144.0,138.0,0.72,0.81,0.78,60.0,71.0,68.0,297.0,303.0,337.0,177.0,228.0,231.0,750.0,509.0,558.0,750.0,509.0,558.0,6,16,659.0,734.0,0,0,5710.0,6321.0,659.0,734.0,124.0,114.0,142.0,137.0,10.0,4.0,5.0,5.0,126.0,115.0,0.72,0.71,60.0,60.0,409.0,281.0,170.0,176.0,659.0,728.0,659.0,728.0
739785,10.0,674,0,5405,674,124.0,153.0,47.0,48.0,116.0,0.77,63.0,338,217.0,670,670,683.0,550.0,462.0,4731.0,4049.0,3498.0,683.0,550.0,463.0,120.0,145.0,154.0,149.0,159.0,166.0,38.0,46.0,28.0,34.0,43.0,32.0,104.0,136.0,157.0,0.85,0.8,0.82,59.0,74.0,73.0,350.0,403.0,397.0,241.0,228.0,169.0,683.0,550.0,462.0,683.0,550.0,463.0,6,18,718.0,659.0,0,0,6202.0,5710.0,718.0,659.0,117.0,124.0,143.0,142.0,45.0,10.0,31.0,5.0,113.0,126.0,0.74,0.72,62.0,60.0,294.0,409.0,176.0,170.0,688.0,659.0,688.0,659.0
739788,10.0,481,1,4285,481,165.0,171.0,8.0,3.0,154.0,0.81,90.0,404,168.0,481,481,546.0,505.0,459.0,3803.0,3257.0,2751.0,547.0,506.0,460.0,159.0,164.0,169.0,174.0,174.0,176.0,1.0,0.0,9.0,2.0,4.0,7.0,133.0,138.0,150.0,0.82,0.86,0.87,89.0,94.0,88.0,257.0,366.0,379.0,181.0,175.0,168.0,495.0,462.0,456.0,495.0,462.0,456.0,6,21,674.0,718.0,0,0,5405.0,6202.0,674.0,718.0,124.0,117.0,153.0,143.0,47.0,45.0,48.0,31.0,116.0,113.0,0.77,0.74,63.0,62.0,338.0,294.0,217.0,176.0,670.0,688.0,670.0,688.0
